RiverName,Date,Sex,Length,SampleYear,Age,IDNum
Oyster River,3/26/19,female,172,2019,2,2019190
Oyster River,3/26/19,male,156,2019,2,2019195
Oyster River,3/26/19,male,100,2019,1,2019198
Oyster River,3/26/19,male,113,2019,1,2019199
Oyster River,3/27/19,female,168,2019,2,2019207
Oyster River,3/27/19,male,188,2019,2,2019209
Oyster River,3/27/19,male,186,2019,2,2019211
Oyster River,3/27/19,male,173,2019,2,2019217
Oyster River,3/27/19,male,174,2019,2,2019218
Oyster River,3/27/19,male,186,2019,2,2019219
Oyster River,3/27/19,female,179,2019,2,2019222
Oyster River,3/27/19,male,175,2019,2,2019223
Oyster River,3/27/19,male,185,2019,3,2019225
Oyster River,3/27/19,male,205,2019,3,2019227
Oyster River,3/27/19,male,160,2019,2,2019229
Oyster River,3/27/19,male,181,2019,2,2019230
Oyster River,3/27/19,male,163,2019,2,2019231
Oyster River,3/27/19,male,159,2019,2,2019233
Oyster River,3/27/19,male,151,2019,2,2019235
Oyster River,3/27/19,male,193,2019,2,2019236
Oyster River,3/27/19,male,174,2019,2,2019239
Oyster River,3/27/19,female,91,2019,1,2019247
Oyster River,3/27/19,male,179,2019,2,2019248
Oyster River,3/27/19,male,172,2019,2,2019249
Oyster River,3/27/19,male,121,2019,1,2019251
Oyster River,3/27/19,female,175,2019,2,2019252
Oyster River,3/27/19,male,175,2019,2,2019254
Oyster River,3/27/19,male,178,2019,2,2019255
Oyster River,3/27/19,male,110,2019,1,2019257
Oyster River,3/27/19,male,122,2019,1,2019258
Oyster River,3/27/19,male,91,2019,1,2019260
Oyster River,3/28/19,male,170,2019,2,2019280
Oyster River,3/28/19,female,161,2019,2,2019283
Oyster River,3/28/19,male,168,2019,2,2019285
Oyster River,3/28/19,female,184,2019,2,2019286
Oyster River,3/28/19,male,166,2019,2,2019287
Oyster River,3/28/19,male,169,2019,2,2019288
Oyster River,3/28/19,male,111,2019,1,2019289
Oyster River,3/28/19,male,127,2019,1,2019290
Oyster River,3/28/19,male,116,2019,1,2019291
Oyster River,3/28/19,male,125,2019,1,2019294
Oyster River,3/28/19,male,171,2019,2,2019295
Oyster River,3/28/19,male,162,2019,2,2019298
Oyster River,3/28/19,male,184,2019,2,2019299
Oyster River,3/28/19,male,180,2019,2,2019300
Oyster River,3/28/19,male,181,2019,2,2019302
Oyster River,3/28/19,male,164,2019,2,2019304
Oyster River,3/28/19,female,112,2019,1,2019305
Oyster River,3/28/19,female,109,2019,1,2019310
Oyster River,4/3/19,male,122,2019,1,2019311
Oyster River,4/3/19,female,107,2019,1,2019314
Oyster River,4/3/19,male,182,2019,2,2019315
Oyster River,4/3/19,female,101,2019,1,2019317
Oyster River,4/4/19,male,104,2019,1,2019344
Oyster River,4/4/19,male,95,2019,1,2019345
Oyster River,4/4/19,male,96,2019,1,2019346
Oyster River,4/4/19,male,103,2019,1,2019347
Oyster River,4/4/19,male,104,2019,1,2019348
Oyster River,4/4/19,male,98,2019,1,2019349
Oyster River,4/4/19,male,98,2019,1,2019350
Oyster River,4/4/19,male,105,2019,1,2019351
Oyster River,4/4/19,male,99,2019,1,2019352
Oyster River,4/4/19,male,93,2019,1,2019353
Oyster River,4/4/19,male,117,2019,1,2019355
Oyster River,4/4/19,male,111,2019,1,2019356
Oyster River,4/4/19,male,99,2019,1,2019358
Oyster River,4/4/19,male,167,2019,2,2019361
Oyster River,4/4/19,male,108,2019,1,2019363
Oyster River,4/4/19,male,157,2019,2,2019366
Oyster River,4/4/19,male,161,2019,2,2019367
Oyster River,4/4/19,male,97,2019,1,2019368
Oyster River,4/4/19,male,101,2019,1,2019370
Oyster River,4/4/19,male,107,2019,1,2019373
Oyster River,4/4/19,male,153,2019,2,2019374
Oyster River,4/4/19,male,182,2019,2,2019376
Oyster River,4/4/19,female,93,2019,1,2019380
Oyster River,4/4/19,female,97,2019,1,2019381
Oyster River,4/4/19,female,102,2019,1,2019382
Oyster River,4/4/19,female,102,2019,1,2019383
Oyster River,4/4/19,female,114,2019,1,2019384
Oyster River,4/5/19,female,111,2019,1,2019435
Oyster River,4/5/19,male,193,2019,2,2019436
Oyster River,4/5/19,male,129,2019,1,2019437
Oyster River,4/5/19,female,200,2019,2,2019438
Oyster River,4/5/19,male,86,2019,1,2019443
Oyster River,4/5/19,female,91,2019,1,2019444
Oyster River,4/5/19,male,94,2019,1,2019445
Oyster River,4/10/19,female,178,2019,2,2019521
Oyster River,4/10/19,female,176,2019,2,2019522
Oyster River,4/10/19,female,179,2019,2,2019523
Oyster River,4/10/19,female,89,2019,1,2019528
Oyster River,4/10/19,female,94,2019,1,2019525
Oyster River,4/10/19,male,111,2019,1,2019526
Oyster River,4/10/19,male,89,2019,1,2019524
Oyster River,4/9/19,male,165,2019,2,2019478
Oyster River,4/9/19,female,176,2019,2,2019482
Oyster River,4/9/19,female,174,2019,2,2019484
Oyster River,4/9/19,female,176,2019,2,2019486
Oyster River,4/9/19,female,105,2019,1,2019488
Oyster River,4/9/19,female,98,2019,1,2019490
Oyster River,4/9/19,male,109,2019,1,2019492
Oyster River,4/9/19,female,107,2019,1,2019493
Oyster River,4/9/19,female,117,2019,1,2019495
Oyster River,4/9/19,male,106,2019,1,2019497
Oyster River,4/9/19,male,115,2019,1,2019498
Oyster River,4/11/19,male,158,2019,2,2019550
Oyster River,4/11/19,male,192,2019,2,2019533
Oyster River,4/11/19,male,112,2019,1,2019534
Oyster River,4/11/19,male,150,2019,2,2019549
Oyster River,4/11/19,male,159,2019,2,2019548
Oyster River,4/11/19,male,150,2019,2,2019540
Oyster River,4/11/19,female,89,2019,1,2019539
Oyster River,4/16/19,male,87,2019,1,2019551
Oyster River,4/16/19,male,87,2019,1,2019552
Oyster River,4/16/19,male,110,2019,1,2019553
Oyster River,4/16/19,female,80,2019,1,2019554
Oyster River,4/17/19,female,176,2019,2,2019567
Oyster River,4/17/19,male,99,2019,1,2019561
Oyster River,4/17/19,female,91,2019,1,2019573
Oyster River,4/17/19,female,96,2019,1,2019577
Oyster River,4/17/19,female,109,2019,1,2019562
Oyster River,4/18/19,female,97,2019,1,2019588
Squamscott River,3/26/19,male,185,2019,2,2019202
Squamscott River,3/26/19,male,199,2019,2,2019203
Squamscott River,3/26/19,male,194,2019,2,2019204
Squamscott River,3/26/19,male,188,2019,3,2019205
Squamscott River,3/26/19,male,191,2019,2,2019201
Squamscott River,3/27/19,male,175,2019,2,2019267
Squamscott River,3/27/19,male,198,2019,2,2019268
Squamscott River,3/27/19,male,196,2019,2,2019266
Squamscott River,3/27/19,male,224,2019,4,2019265
Squamscott River,3/27/19,male,185,2019,2,2019264
Squamscott River,4/3/19,male,177,2019,2,2019324
Squamscott River,4/3/19,male,172,2019,2,2019325
Squamscott River,4/3/19,male,176,2019,2,2019323
Squamscott River,4/4/19,male,114,2019,1,2019390
Squamscott River,4/4/19,male,169,2019,2,2019395
Squamscott River,4/4/19,male,192,2019,3,2019398
Squamscott River,4/4/19,male,168,2019,2,2019397
Squamscott River,4/4/19,male,102,2019,1,2019396
Squamscott River,4/4/19,male,176,2019,2,2019394
Squamscott River,4/4/19,male,165,2019,2,2019391
Squamscott River,4/4/19,male,184,2019,2,2019386
Squamscott River,4/4/19,male,109,2019,1,2019392
Squamscott River,4/5/19,male,95,2019,1,2019458
Squamscott River,4/5/19,male,188,2019,3,2019454
Squamscott River,4/5/19,male,167,2019,2,2019453
Squamscott River,4/5/19,male,164,2019,2,2019452
Squamscott River,4/5/19,male,186,2019,2,2019450
Squamscott River,4/5/19,male,112,2019,1,2019449
Squamscott River,4/5/19,male,97,2019,1,2019448
Squamscott River,4/5/19,male,101,2019,1,2019447
Squamscott River,4/5/19,male,107,2019,1,2019446
Squamscott River,4/5/19,female,114,2019,1,2019459
Squamscott River,4/5/19,male,108,2019,1,2019457
Squamscott River,4/5/19,male,107,2019,1,2019460
Squamscott River,4/9/19,male,182,2019,3,2019510
Squamscott River,4/9/19,male,114,2019,1,2019519
Squamscott River,4/9/19,male,108,2019,1,2019518
Squamscott River,4/9/19,female,102,2019,1,2019517
Squamscott River,4/9/19,male,156,2019,2,2019516
Squamscott River,4/9/19,male,166,2019,2,2019512
Squamscott River,4/9/19,male,182,2019,2,2019509
Squamscott River,4/9/19,male,173,2019,2,2019506
Squamscott River,4/9/19,male,181,2019,3,2019504
Squamscott River,4/9/19,male,179,2019,2,2019513
Squamscott River,4/10/19,male,162,2019,2,2019530
Squamscott River,4/11/19,male,157,2019,2,2019546
Squamscott River,4/11/19,male,91,2019,1,2019545
Squamscott River,4/11/19,male,144,2019,2,2019544
Squamscott River,4/11/19,male,163,2019,2,2019547
Squamscott River,4/16/19,male,170,2019,2,2019560
Squamscott River,4/16/19,male,171,2019,2,2019555
Squamscott River,4/16/19,male,162,2019,2,2019556
Squamscott River,4/16/19,female,172,2019,3,2019557
Squamscott River,4/16/19,male,103,2019,1,2019558
Squamscott River,4/16/19,male,156,2019,2,2019559
Squamscott River,4/17/19,male,96,2019,1,2019581
Squamscott River,4/17/19,male,106,2019,1,2019582
Squamscott River,4/18/19,male,155,2019,2,2019589
Squamscott River,4/18/19,male,174,2019,2,2019596
Squamscott River,4/18/19,male,100,2019,1,2019594
Squamscott River,4/18/19,male,160,2019,2,2019593
Squamscott River,4/18/19,male,178,2019,2,2019597
Squamscott River,4/18/19,male,169,2019,2,2019590
Winnicut River,3/20/19,female,195,2019,2,2019028
Winnicut River,3/20/19,male,208,2019,2,2019001
Winnicut River,3/20/19,male,167,2019,2,2019036
Winnicut River,3/20/19,female,173,2019,2,2019035
Winnicut River,3/20/19,male,163,2019,2,2019034
Winnicut River,3/20/19,female,195,2019,2,2019033
Winnicut River,3/20/19,male,184,2019,2,2019032
Winnicut River,3/20/19,male,175,2019,2,2019029
Winnicut River,3/20/19,male,153,2019,2,2019027
Winnicut River,3/20/19,male,192,2019,3,2019026
Winnicut River,3/20/19,male,182,2019,2,2019025
Winnicut River,3/20/19,male,171,2019,2,2019023
Winnicut River,3/20/19,male,159,2019,2,2019022
Winnicut River,3/20/19,male,181,2019,2,2019020
Winnicut River,3/20/19,female,182,2019,2,2019019
Winnicut River,3/20/19,female,168,2019,2,2019007
Winnicut River,3/20/19,male,165,2019,2,2019030
Winnicut River,3/20/19,female,202,2019,2,2019017
Winnicut River,3/20/19,male,168,2019,2,2019003
Winnicut River,3/20/19,female,192,2019,2,2019004
Winnicut River,3/20/19,female,182,2019,3,2019002
Winnicut River,3/20/19,male,120,2019,1,2019006
Winnicut River,3/20/19,female,192,2019,3,2019008
Winnicut River,3/20/19,male,174,2019,2,2019014
Winnicut River,3/20/19,male,194,2019,2,2019016
Winnicut River,3/20/19,male,172,2019,3,2019005
Winnicut River,3/20/19,male,197,2019,3,2019015
Winnicut River,3/20/19,female,187,2019,2,2019013
Winnicut River,3/20/19,female,202,2019,2,2019012
Winnicut River,3/20/19,female,208,2019,2,2019011
Winnicut River,3/20/19,male,203,2019,2,2019010
Winnicut River,3/21/19,male,178,2019,2,2019064
Winnicut River,3/21/19,male,154,2019,3,2019111
Winnicut River,3/21/19,female,196,2019,2,2019069
Winnicut River,3/21/19,male,180,2019,2,2019079
Winnicut River,3/21/19,male,190,2019,2,2019082
Winnicut River,3/21/19,male,183,2019,2,2019085
Winnicut River,3/21/19,female,185,2019,2,2019086
Winnicut River,3/21/19,male,189,2019,3,2019087
Winnicut River,3/21/19,male,159,2019,2,2019072
Winnicut River,3/21/19,female,190,2019,2,2019093
Winnicut River,3/21/19,male,179,2019,3,2019094
Winnicut River,3/21/19,male,185,2019,2,2019096
Winnicut River,3/21/19,male,176,2019,2,2019099
Winnicut River,3/21/19,male,191,2019,2,2019102
Winnicut River,3/21/19,male,160,2019,2,2019109
Winnicut River,3/21/19,male,188,2019,2,2019063
Winnicut River,3/21/19,female,218,2019,2,2019046
Winnicut River,3/21/19,male,170,2019,2,2019106
Winnicut River,3/21/19,female,233,2019,3,2019044
Winnicut River,3/21/19,female,183,2019,2,2019039
Winnicut River,3/21/19,male,166,2019,2,2019041
Winnicut River,3/21/19,female,178,2019,2,2019050
Winnicut River,3/21/19,female,206,2019,2,2019043
Winnicut River,3/21/19,male,173,2019,2,2019061
Winnicut River,3/21/19,female,201,2019,2,2019045
Winnicut River,3/21/19,female,189,2019,2,2019047
Winnicut River,3/21/19,female,205,2019,3,2019060
Winnicut River,3/21/19,female,203,2019,2,2019052
Winnicut River,3/21/19,male,187,2019,2,2019053
Winnicut River,3/21/19,female,177,2019,2,2019055
Winnicut River,3/21/19,female,194,2019,2,2019056
Winnicut River,3/21/19,female,197,2019,2,2019057
Winnicut River,3/21/19,male,192,2019,2,2019058
Winnicut River,3/21/19,female,188,2019,2,2019051
Winnicut River,3/21/19,male,191,2019,2,2019042
Winnicut River,3/22/19,female,222,2019,3,2019134
Winnicut River,3/22/19,female,172,2019,2,2019131
Winnicut River,3/22/19,male,224,2019,4,2019128
Winnicut River,3/22/19,male,222,2019,4,2019127
Winnicut River,3/22/19,female,224,2019,2,2019126
Winnicut River,3/22/19,male,234,2019,4,2019125
Winnicut River,3/22/19,male,161,2019,2,2019123
Winnicut River,3/22/19,female,223,2019,2,2019117
Winnicut River,3/22/19,female,199,2019,2,2019137
Winnicut River,3/22/19,female,178,2019,2,2019118
Winnicut River,3/22/19,female,204,2019,2,2019169
Winnicut River,3/22/19,male,186,2019,3,2019136
Winnicut River,3/22/19,male,156,2019,2,2019184
Winnicut River,3/22/19,female,181,2019,2,2019186
Winnicut River,3/22/19,male,209,2019,2,2019185
Winnicut River,3/22/19,male,214,2019,3,2019178
Winnicut River,3/22/19,male,142,2019,2,2019174
Winnicut River,3/22/19,female,176,2019,2,2019171
Winnicut River,3/22/19,female,200,2019,2,2019168
Winnicut River,3/22/19,male,203,2019,3,2019164
Winnicut River,3/22/19,female,176,2019,3,2019162
Winnicut River,3/22/19,male,169,2019,2,2019158
Winnicut River,3/22/19,male,226,2019,4,2019139
Winnicut River,3/22/19,female,204,2019,2,2019135
Winnicut River,3/22/19,female,186,2019,2,2019172
Winnicut River,3/22/19,female,290,2019,6,2019138
Winnicut River,3/22/19,female,173,2019,2,2019155
Winnicut River,3/22/19,male,164,2019,2,2019141
Winnicut River,3/22/19,female,180,2019,2,2019142
Winnicut River,3/22/19,male,208,2019,2,2019144
Winnicut River,3/22/19,female,168,2019,2,2019145
Winnicut River,3/22/19,male,200,2019,2,2019154
Winnicut River,3/22/19,female,179,2019,2,2019147
Winnicut River,3/22/19,female,193,2019,2,2019151
Winnicut River,3/22/19,male,204,2019,2,2019152
Winnicut River,3/27/19,male,177,2019,3,2019274
Winnicut River,3/27/19,male,204,2019,2,2019272
Winnicut River,3/27/19,male,153,2019,2,2019270
Winnicut River,3/27/19,male,155,2019,2,2019273
Winnicut River,3/28/19,male,95,2019,1,2019277
Winnicut River,3/28/19,male,113,2019,1,2019275
Winnicut River,3/28/19,male,99,2019,1,2019276
Winnicut River,3/28/19,female,111,2019,1,2019278
Winnicut River,4/3/19,male,111,2019,1,2019336
Winnicut River,4/3/19,male,96,2019,1,2019341
Winnicut River,4/3/19,female,106,2019,1,2019337
Winnicut River,4/3/19,male,103,2019,1,2019333
Winnicut River,4/3/19,female,106,2019,1,2019330
Winnicut River,4/3/19,male,87,2019,1,2019342
Winnicut River,4/3/19,male,104,2019,1,2019335
Winnicut River,4/4/19,male,107,2019,1,2019434
Winnicut River,4/4/19,male,98,2019,1,2019425
Winnicut River,4/4/19,male,110,2019,1,2019426
Winnicut River,4/4/19,male,131,2019,1,2019427
Winnicut River,4/4/19,female,97,2019,1,2019429
Winnicut River,4/4/19,male,114,2019,1,2019430
Winnicut River,4/4/19,male,119,2019,1,2019433
Winnicut River,4/4/19,male,113,2019,1,2019432
Winnicut River,4/4/19,male,105,2019,1,2019400
Winnicut River,4/4/19,male,129,2019,1,2019419
Winnicut River,4/4/19,male,115,2019,1,2019399
Winnicut River,4/4/19,male,97,2019,1,2019407
Winnicut River,4/4/19,female,98,2019,1,2019431
Winnicut River,4/4/19,male,108,2019,1,2019428
Winnicut River,4/4/19,male,198,2019,2,2019401
Winnicut River,4/4/19,male,106,2019,1,2019406
Winnicut River,4/4/19,female,172,2019,2,2019408
Winnicut River,4/4/19,male,117,2019,1,2019411
Winnicut River,4/4/19,male,196,2019,2,2019412
Winnicut River,4/4/19,female,106,2019,1,2019413
Winnicut River,4/4/19,female,93,2019,1,2019415
Winnicut River,4/4/19,female,95,2019,1,2019417
Winnicut River,4/4/19,female,109,2019,1,2019405
Winnicut River,4/5/19,male,109,2019,1,2019462
Winnicut River,4/5/19,male,114,2019,1,2019468
Winnicut River,4/5/19,male,114,2019,1,2019477
Winnicut River,4/5/19,male,100,2019,1,2019476
Winnicut River,4/5/19,male,86,2019,1,2019469
Winnicut River,4/5/19,male,102,2019,1,2019467
Winnicut River,4/5/19,male,87,2019,1,2019466
Winnicut River,4/5/19,male,101,2019,1,2019463
Winnicut River,4/5/19,male,95,2019,1,2019464
Winnicut River,4/10/19,male,99,2019,1,2019532
Winnicut River,4/17/19,male,98,2019,1,2019583
Winnicut River,4/17/19,male,95,2019,1,2019585
Winnicut River,4/17/19,male,93,2019,1,2019586
Winnicut River,4/18/19,female,99,2019,1,2019598
Oyster River,3/4/20,male,182,2020,2,2020031
Oyster River,3/4/20,female,186,2020,2,2020032
Oyster River,3/4/20,female,165,2020,2,2020033
Oyster River,3/4/20,male,179,2020,2,2020034
Oyster River,3/4/20,male,122,2020,1,2020035
Oyster River,3/5/20,female,129,2020,1,2020074
Oyster River,3/5/20,male,162,2020,2,2020075
Oyster River,3/5/20,female,179,2020,2,2020076
Oyster River,3/5/20,male,160,2020,2,2020077
Oyster River,3/5/20,female,184,2020,2,2020078
Oyster River,3/6/20,male,173,2020,2,2020136
Oyster River,3/6/20,male,115,2020,1,2020137
Oyster River,3/6/20,male,174,2020,2,2020138
Oyster River,3/10/20,male,125,2020,2,2020154
Oyster River,3/10/20,male,187,2020,2,2020155
Oyster River,3/10/20,male,188,2020,2,2020156
Oyster River,3/10/20,male,175,2020,2,2020157
Oyster River,3/10/20,male,171,2020,2,2020158
Oyster River,3/10/20,male,169,2020,2,2020159
Oyster River,3/10/20,male,176,2020,2,2020160
Oyster River,3/10/20,female,154,2020,2,2020161
Oyster River,3/10/20,male,121,2020,1,2020162
Oyster River,3/10/20,male,121,2020,1,2020163
Oyster River,3/10/20,male,164,2020,3,2020164
Oyster River,3/10/20,male,182,2020,2,2020165
Oyster River,3/10/20,male,160,2020,2,2020166
Oyster River,3/10/20,male,114,2020,1,2020167
Oyster River,3/10/20,male,162,2020,2,2020168
Oyster River,3/10/20,male,118,2020,1,2020169
Oyster River,3/10/20,male,168,2020,2,2020170
Oyster River,3/10/20,male,168,2020,2,2020171
Oyster River,3/10/20,male,132,2020,1,2020172
Oyster River,3/10/20,male,118,2020,1,2020173
Oyster River,3/10/20,male,179,2020,2,2020174
Oyster River,3/11/20,male,217,2020,3,2020242
Oyster River,3/11/20,male,154,2020,2,2020243
Oyster River,3/11/20,male,191,2020,3,2020244
Oyster River,3/11/20,male,167,2020,2,2020245
Oyster River,3/11/20,male,199,2020,3,2020246
Oyster River,3/11/20,male,169,2020,2,2020247
Oyster River,3/11/20,male,118,2020,1,2020248
Oyster River,3/11/20,male,176,2020,2,2020249
Oyster River,3/11/20,male,117,2020,1,2020250
Oyster River,3/11/20,male,185,2020,2,2020251
Oyster River,3/11/20,male,116,2020,1,2020252
Oyster River,3/11/20,male,114,2020,1,2020253
Oyster River,3/11/20,male,121,2020,2,2020254
Oyster River,3/11/20,male,109,2020,1,2020255
Oyster River,3/11/20,male,129,2020,1,2020256
Oyster River,3/11/20,male,111,2020,1,2020257
Oyster River,3/11/20,male,128,2020,1,2020258
Oyster River,3/12/20,male,187,2020,3,2020264
Oyster River,3/12/20,male,173,2020,2,2020265
Oyster River,3/12/20,male,121,2020,1,2020266
Oyster River,3/12/20,male,174,2020,2,2020267
Oyster River,3/12/20,male,146,2020,2,2020268
Oyster River,3/12/20,female,121,2020,2,2020269
Oyster River,3/12/20,male,127,2020,1,2020270
Oyster River,3/17/20,male,119,2020,1,2020287
Oyster River,3/17/20,male,116,2020,1,2020288
Oyster River,3/17/20,female,119,2020,1,2020289
Oyster River,3/17/20,female,108,2020,1,2020290
Oyster River,3/17/20,female,108,2020,1,2020291
Oyster River,3/18/20,male,177,2020,2,2020327
Oyster River,3/18/20,male,170,2020,2,2020328
Oyster River,3/18/20,male,108,2020,1,2020329
Oyster River,3/18/20,female,91,2020,1,2020330
Oyster River,3/19/20,male,92,2020,1,2020362
Oyster River,3/19/20,male,155,2020,2,2020363
Oyster River,3/19/20,male,102,2020,1,2020364
Oyster River,3/19/20,male,108,2020,1,2020365
Oyster River,3/19/20,male,102,2020,1,2020366
Oyster River,3/19/20,male,96,2020,1,2020367
Oyster River,3/19/20,male,159,2020,2,2020368
Oyster River,3/19/20,male,108,2020,2,2020369
Oyster River,3/19/20,female,124,2020,1,2020370
Oyster River,3/19/20,male,185,2020,3,2020371
Oyster River,3/19/20,male,108,2020,1,2020372
Oyster River,3/19/20,male,103,2020,1,2020373
Oyster River,3/19/20,male,150,2020,2,2020374
Oyster River,4/7/20,female,181,2020,2,2020390
Oyster River,4/7/20,female,173,2020,2,2020391
Oyster River,4/7/20,male,150,2020,2,2020392
Oyster River,4/9/20,male,105,2020,1,2020393
Oyster River,4/9/20,male,181,2020,2,2020394
Oyster River,4/9/20,male,195,2020,3,2020395
Squamscott River,3/4/20,female,220,2020,4,2020036
Squamscott River,3/4/20,male,209,2020,3,2020037
Squamscott River,3/4/20,male,189,2020,2,2020038
Squamscott River,3/4/20,male,191,2020,2,2020040
Squamscott River,3/4/20,male,213,2020,3,2020041
Squamscott River,3/4/20,male,179,2020,2,2020042
Squamscott River,3/4/20,male,168,2020,3,2020043
Squamscott River,3/4/20,female,236,2020,3,2020044
Squamscott River,3/4/20,female,225,2020,3,2020045
Squamscott River,3/4/20,male,181,2020,3,2020046
Squamscott River,3/4/20,male,168,2020,2,2020047
Squamscott River,3/4/20,male,194,2020,2,2020048
Squamscott River,3/4/20,female,235,2020,3,2020049
Squamscott River,3/4/20,male,191,2020,2,2020050
Squamscott River,3/4/20,male,202,2020,3,2020051
Squamscott River,3/4/20,male,174,2020,2,2020052
Squamscott River,3/4/20,male,209,2020,3,2020053
Squamscott River,3/4/20,female,234,2020,3,2020054
Squamscott River,3/4/20,male,178,2020,2,2020055
Squamscott River,3/4/20,female,188,2020,2,2020056
Squamscott River,3/4/20,female,198,2020,3,2020057
Squamscott River,3/4/20,male,166,2020,2,2020058
Squamscott River,3/4/20,female,220,2020,4,2020059
Squamscott River,3/5/20,female,233,2020,4,2020080
Squamscott River,3/5/20,male,165,2020,2,2020081
Squamscott River,3/5/20,male,208,2020,3,2020082
Squamscott River,3/5/20,male,182,2020,2,2020083
Squamscott River,3/5/20,male,215,2020,3,2020084
Squamscott River,3/5/20,male,183,2020,3,2020085
Squamscott River,3/5/20,male,195,2020,2,2020086
Squamscott River,3/5/20,female,194,2020,2,2020087
Squamscott River,3/5/20,male,169,2020,2,2020088
Squamscott River,3/5/20,male,181,2020,2,2020089
Squamscott River,3/5/20,male,169,2020,2,2020090
Squamscott River,3/5/20,male,202,2020,3,2020091
Squamscott River,3/5/20,female,185,2020,2,2020092
Squamscott River,3/5/20,male,202,2020,3,2020094
Squamscott River,3/5/20,male,178,2020,3,2020095
Squamscott River,3/5/20,male,200,2020,3,2020096
Squamscott River,3/5/20,male,175,2020,2,2020097
Squamscott River,3/5/20,male,191,2020,2,2020098
Squamscott River,3/5/20,male,204,2020,4,2020099
Squamscott River,3/5/20,male,172,2020,3,2020100
Squamscott River,3/5/20,male,207,2020,3,2020101
Squamscott River,3/5/20,male,187,2020,2,2020102
Squamscott River,3/5/20,male,196,2020,3,2020103
Squamscott River,3/5/20,male,173,2020,2,2020104
Squamscott River,3/5/20,male,203,2020,3,2020105
Squamscott River,3/5/20,male,178,2020,3,2020106
Squamscott River,3/5/20,male,171,2020,2,2020107
Squamscott River,3/5/20,male,182,2020,2,2020108
Squamscott River,3/5/20,male,163,2020,2,2020109
Squamscott River,3/5/20,male,189,2020,3,2020110
Squamscott River,3/5/20,female,242,2020,4,2020111
Squamscott River,3/5/20,male,212,2020,4,2020112
Squamscott River,3/5/20,male,123,2020,1,2020113
Squamscott River,3/5/20,male,178,2020,3,2020114
Squamscott River,3/5/20,male,161,2020,2,2020115
Squamscott River,3/5/20,male,181,2020,2,2020116
Squamscott River,3/5/20,male,188,2020,3,2020117
Squamscott River,3/5/20,male,160,2020,2,2020118
Squamscott River,3/5/20,female,191,2020,4,2020119
Squamscott River,3/5/20,male,212,2020,3,2020120
Squamscott River,3/5/20,male,216,2020,3,2020121
Squamscott River,3/5/20,male,221,2020,4,2020122
Squamscott River,3/5/20,male,210,2020,3,2020123
Squamscott River,3/5/20,male,214,2020,3,2020124
Squamscott River,3/5/20,male,221,2020,3,2020125
Squamscott River,3/5/20,male,214,2020,3,2020126
Squamscott River,3/5/20,male,217,2020,3,2020127
Squamscott River,3/5/20,male,212,2020,4,2020128
Squamscott River,3/5/20,female,246,2020,4,2020129
Squamscott River,3/5/20,female,181,2020,2,2020130
Squamscott River,3/5/20,female,210,2020,4,2020131
Squamscott River,3/5/20,female,223,2020,3,2020132
Squamscott River,3/5/20,female,235,2020,4,2020133
Squamscott River,3/5/20,female,197,2020,2,2020134
Squamscott River,3/5/20,male,196,2020,3,2020135
Squamscott River,3/5/20,male,169,2020,2,2020093
Squamscott River,3/6/20,male,157,2020,2,2020139
Squamscott River,3/6/20,male,126,2020,1,2020140
Squamscott River,3/6/20,female,228,2020,3,2020141
Squamscott River,3/6/20,female,223,2020,3,2020142
Squamscott River,3/6/20,male,159,2020,2,2020143
Squamscott River,3/6/20,female,221,2020,3,2020144
Squamscott River,3/6/20,female,219,2020,4,2020145
Squamscott River,3/6/20,female,240,2020,4,2020146
Squamscott River,3/6/20,male,194,2020,3,2020147
Squamscott River,3/6/20,female,221,2020,3,2020148
Squamscott River,3/6/20,female,194,2020,2,2020149
Squamscott River,3/6/20,female,186,2020,3,2020150
Squamscott River,3/6/20,female,237,2020,3,2020151
Squamscott River,3/6/20,female,236,2020,4,2020152
Squamscott River,3/6/20,female,233,2020,4,2020153
Squamscott River,3/11/20,female,224,2020,3,2020259
Squamscott River,3/11/20,male,190,2020,2,2020260
Squamscott River,3/11/20,male,123,2020,1,2020261
Squamscott River,3/11/20,male,113,2020,2,2020262
Squamscott River,3/11/20,male,112,2020,1,2020263
Squamscott River,3/12/20,male,239,2020,5,2020272
Squamscott River,3/12/20,female,174,2020,2,2020273
Squamscott River,3/12/20,male,220,2020,4,2020274
Squamscott River,3/12/20,female,174,2020,2,2020275
Squamscott River,3/12/20,female,179,2020,2,2020276
Squamscott River,3/12/20,female,212,2020,3,2020277
Squamscott River,3/12/20,male,132,2020,1,2020278
Squamscott River,3/12/20,male,158,2020,3,2020279
Squamscott River,3/12/20,male,128,2020,1,2020280
Squamscott River,3/12/20,male,119,2020,1,2020281
Squamscott River,3/12/20,female,166,2020,2,2020282
Squamscott River,3/12/20,male,119,2020,1,2020283
Squamscott River,3/12/20,male,124,2020,1,2020284
Squamscott River,3/12/20,female,109,2020,1,2020285
Squamscott River,3/12/20,female,118,2020,1,2020286
Squamscott River,3/17/20,female,115,2020,1,2020292
Squamscott River,3/17/20,male,114,2020,2,2020293
Squamscott River,3/17/20,female,172,2020,2,2020294
Squamscott River,3/17/20,male,113,2020,1,2020295
Squamscott River,3/17/20,male,113,2020,1,2020296
Squamscott River,3/17/20,male,129,2020,1,2020297
Squamscott River,3/17/20,male,103,2020,1,2020298
Squamscott River,3/17/20,male,125,2020,1,2020299
Squamscott River,3/17/20,male,118,2020,1,2020300
Squamscott River,3/17/20,male,127,2020,1,2020301
Squamscott River,3/17/20,female,213,2020,3,2020302
Squamscott River,3/17/20,male,122,2020,1,2020303
Squamscott River,3/17/20,male,126,2020,1,2020304
Squamscott River,3/17/20,female,197,2020,2,2020305
Squamscott River,3/17/20,female,120,2020,1,2020306
Squamscott River,3/17/20,male,98,2020,2,2020307
Squamscott River,3/17/20,female,222,2020,3,2020308
Squamscott River,3/17/20,male,118,2020,1,2020309
Squamscott River,3/17/20,male,195,2020,3,2020310
Squamscott River,3/17/20,female,119,2020,1,2020311
Squamscott River,3/17/20,male,132,2020,1,2020312
Squamscott River,3/17/20,male,109,2020,1,2020313
Squamscott River,3/17/20,female,93,2020,1,2020314
Squamscott River,3/17/20,female,129,2020,1,2020315
Squamscott River,3/17/20,male,225,2020,3,2020316
Squamscott River,3/17/20,male,134,2020,1,2020317
Squamscott River,3/17/20,male,135,2020,1,2020318
Squamscott River,3/17/20,male,130,2020,1,2020319
Squamscott River,3/17/20,male,133,2020,1,2020320
Squamscott River,3/17/20,female,120,2020,1,2020321
Squamscott River,3/17/20,male,130,2020,1,2020322
Squamscott River,3/17/20,male,152,2020,2,2020323
Squamscott River,3/17/20,male,107,2020,1,2020324
Squamscott River,3/17/20,female,114,2020,1,2020325
Squamscott River,3/17/20,female,125,2020,1,2020326
Squamscott River,3/18/20,female,124,2020,1,2020331
Squamscott River,3/18/20,male,149,2020,2,2020332
Squamscott River,3/18/20,female,179,2020,2,2020333
Squamscott River,3/18/20,female,100,2020,1,2020334
Squamscott River,3/18/20,male,238,2020,4,2020335
Squamscott River,3/18/20,female,181,2020,2,2020336
Squamscott River,3/18/20,male,135,2020,1,2020337
Squamscott River,3/18/20,male,158,2020,2,2020338
Squamscott River,3/18/20,male,140,2020,2,2020339
Squamscott River,3/18/20,male,159,2020,2,2020340
Squamscott River,3/18/20,male,220,2020,3,2020341
Squamscott River,3/18/20,male,105,2020,1,2020342
Squamscott River,3/18/20,female,118,2020,1,2020343
Squamscott River,3/18/20,female,111,2020,1,2020344
Squamscott River,3/18/20,female,185,2020,2,2020345
Squamscott River,3/18/20,male,107,2020,1,2020346
Squamscott River,3/18/20,female,178,2020,2,2020347
Squamscott River,3/18/20,male,152,2020,2,2020348
Squamscott River,3/18/20,male,156,2020,2,2020349
Squamscott River,3/18/20,male,157,2020,3,2020350
Squamscott River,3/18/20,female,108,2020,1,2020351
Squamscott River,3/18/20,female,114,2020,1,2020352
Squamscott River,3/18/20,male,132,2020,1,2020353
Squamscott River,3/18/20,male,106,2020,1,2020354
Squamscott River,3/18/20,female,113,2020,1,2020355
Squamscott River,3/18/20,male,133,2020,1,2020356
Squamscott River,3/18/20,male,108,2020,1,2020357
Squamscott River,3/18/20,male,153,2020,2,2020358
Squamscott River,3/18/20,male,107,2020,1,2020359
Squamscott River,3/18/20,male,107,2020,2,2020360
Squamscott River,3/18/20,male,146,2020,2,2020361
Squamscott River,3/19/20,male,108,2020,1,2020375
Squamscott River,3/19/20,female,197,2020,2,2020376
Squamscott River,3/19/20,female,122,2020,1,2020377
Squamscott River,3/19/20,male,236,2020,3,2020378
Squamscott River,3/19/20,male,148,2020,2,2020379
Squamscott River,3/19/20,female,181,2020,2,2020380
Squamscott River,3/19/20,male,145,2020,2,2020381
Squamscott River,3/19/20,female,138,2020,1,2020382
Squamscott River,3/19/20,female,187,2020,2,2020383
Squamscott River,3/24/20,female,114,2020,1,2020384
Squamscott River,3/26/20,female,125,2020,1,2020386
Squamscott River,3/26/20,female,118,2020,1,2020387
Squamscott River,3/31/20,female,159,2020,3,2020388
Squamscott River,4/1/20,female,133,2020,1,2020389
Winnicut River,2/26/20,male,196,2020,4,2020009
Winnicut River,2/26/20,female,247,2020,4,2020001
Winnicut River,2/26/20,male,209,2020,3,2020012
Winnicut River,2/26/20,male,181,2020,2,2020010
Winnicut River,2/26/20,male,206,2020,3,2020007
Winnicut River,2/26/20,male,181,2020,2,2020006
Winnicut River,2/26/20,male,204,2020,3,2020005
Winnicut River,2/26/20,male,217,2020,3,2020004
Winnicut River,2/26/20,female,193,2020,2,2020003
Winnicut River,2/26/20,female,249,2020,5,2020002
Winnicut River,2/26/20,female,189,2020,2,2020011
Winnicut River,2/27/20,male,168,2020,2,2020013
Winnicut River,2/27/20,male,190,2020,2,2020019
Winnicut River,2/27/20,male,219,2020,3,2020023
Winnicut River,2/27/20,male,189,2020,2,2020022
Winnicut River,2/27/20,male,176,2020,2,2020021
Winnicut River,2/27/20,male,167,2020,2,2020020
Winnicut River,2/27/20,male,174,2020,2,2020018
Winnicut River,2/27/20,male,215,2020,3,2020017
Winnicut River,2/27/20,male,184,2020,2,2020016
Winnicut River,2/27/20,male,219,2020,4,2020014
Winnicut River,2/27/20,male,178,2020,2,2020015
Winnicut River,2/28/20,male,208,2020,3,2020024
Winnicut River,3/3/20,female,171,2020,2,2020029
Winnicut River,3/3/20,male,199,2020,3,2020028
Winnicut River,3/3/20,male,202,2020,3,2020026
Winnicut River,3/3/20,male,166,2020,2,2020025
Winnicut River,3/3/20,male,175,2020,2,2020030
Winnicut River,3/3/20,male,184,2020,2,2020027
Winnicut River,3/4/20,male,187,2020,2,2020060
Winnicut River,3/4/20,male,172,2020,2,2020062
Winnicut River,3/4/20,male,128,2020,1,2020063
Winnicut River,3/5/20,male,177,2020,3,2020070
Winnicut River,3/5/20,male,111,2020,1,2020073
Winnicut River,3/5/20,male,180,2020,2,2020071
Winnicut River,3/5/20,male,168,2020,2,2020069
Winnicut River,3/5/20,male,188,2020,3,2020067
Winnicut River,3/5/20,male,169,2020,2,2020066
Winnicut River,3/5/20,male,163,2020,2,2020065
Winnicut River,3/5/20,male,181,2020,2,2020064
Winnicut River,3/5/20,male,176,2020,2,2020068
Winnicut River,3/5/20,male,182,2020,2,2020072
Winnicut River,3/10/20,male,202,2020,3,2020177
Winnicut River,3/10/20,male,121,2020,2,2020185
Winnicut River,3/10/20,male,194,2020,3,2020184
Winnicut River,3/10/20,female,105,2020,1,2020183
Winnicut River,3/10/20,male,120,2020,1,2020182
Winnicut River,3/10/20,male,164,2020,2,2020181
Winnicut River,3/10/20,male,215,2020,4,2020180
Winnicut River,3/10/20,female,181,2020,4,2020178
Winnicut River,3/10/20,male,212,2020,3,2020176
Winnicut River,3/10/20,male,209,2020,3,2020175
Winnicut River,3/10/20,male,204,2020,3,2020188
Winnicut River,3/10/20,male,179,2020,2,2020179
Winnicut River,3/10/20,male,137,2020,1,2020229
Winnicut River,3/10/20,male,157,2020,3,2020216
Winnicut River,3/10/20,male,127,2020,1,2020217
Winnicut River,3/10/20,male,214,2020,3,2020218
Winnicut River,3/10/20,male,124,2020,1,2020219
Winnicut River,3/10/20,male,214,2020,3,2020220
Winnicut River,3/10/20,male,119,2020,1,2020221
Winnicut River,3/10/20,male,118,2020,1,2020222
Winnicut River,3/10/20,male,114,2020,1,2020223
Winnicut River,3/10/20,male,122,2020,1,2020224
Winnicut River,3/10/20,male,119,2020,2,2020225
Winnicut River,3/10/20,male,154,2020,2,2020226
Winnicut River,3/10/20,male,205,2020,3,2020186
Winnicut River,3/10/20,male,125,2020,1,2020228
Winnicut River,3/10/20,male,127,2020,2,2020213
Winnicut River,3/10/20,male,119,2020,1,2020230
Winnicut River,3/10/20,female,209,2020,2,2020231
Winnicut River,3/10/20,female,230,2020,5,2020232
Winnicut River,3/10/20,male,132,2020,1,2020233
Winnicut River,3/10/20,male,108,2020,1,2020234
Winnicut River,3/10/20,male,133,2020,1,2020235
Winnicut River,3/10/20,male,131,2020,1,2020236
Winnicut River,3/10/20,male,132,2020,2,2020238
Winnicut River,3/10/20,male,109,2020,1,2020239
Winnicut River,3/10/20,male,109,2020,1,2020240
Winnicut River,3/10/20,male,108,2020,1,2020241
Winnicut River,3/10/20,male,150,2020,2,2020227
Winnicut River,3/10/20,male,190,2020,3,2020201
Winnicut River,3/10/20,female,182,2020,3,2020189
Winnicut River,3/10/20,male,200,2020,2,2020190
Winnicut River,3/10/20,male,111,2020,1,2020191
Winnicut River,3/10/20,male,195,2020,2,2020192
Winnicut River,3/10/20,male,173,2020,2,2020193
Winnicut River,3/10/20,female,163,2020,3,2020194
Winnicut River,3/10/20,male,215,2020,3,2020195
Winnicut River,3/10/20,male,170,2020,2,2020196
Winnicut River,3/10/20,male,199,2020,2,2020197
Winnicut River,3/10/20,male,168,2020,2,2020198
Winnicut River,3/10/20,female,124,2020,1,2020215
Winnicut River,3/10/20,male,190,2020,2,2020200
Winnicut River,3/10/20,male,158,2020,2,2020214
Winnicut River,3/10/20,male,213,2020,3,2020202
Winnicut River,3/10/20,male,115,2020,1,2020203
Winnicut River,3/10/20,male,163,2020,2,2020204
Winnicut River,3/10/20,male,191,2020,2,2020205
Winnicut River,3/10/20,male,123,2020,1,2020206
Winnicut River,3/10/20,male,191,2020,2,2020207
Winnicut River,3/10/20,female,225,2020,4,2020208
Winnicut River,3/10/20,male,118,2020,1,2020209
Winnicut River,3/10/20,male,124,2020,1,2020210
Winnicut River,3/10/20,male,153,2020,2,2020211
Winnicut River,3/10/20,male,114,2020,1,2020212
Winnicut River,3/10/20,male,163,2020,2,2020187
Winnicut River,3/10/20,female,236,2020,4,2020199
Winnicut River,3/25/20,male,158,2020,3,2020385
Oyster River,3/17/21,male,166,2021,2,2021001
Oyster River,3/17/21,male,205,2021,3,2021002
Oyster River,3/18/21,male,154,2021,2,2021058
Oyster River,3/18/21,male,155,2021,2,2021059
Oyster River,3/18/21,male,198,2021,3,2021060
Oyster River,3/18/21,male,192,2021,2,2021061
Oyster River,3/18/21,female,190,2021,2,2021062
Oyster River,3/19/21,female,206,2021,2,2021121
Oyster River,3/19/21,female,193,2021,2,2021122
Oyster River,3/19/21,male,199,2021,2,2021123
Oyster River,3/19/21,male,156,2021,2,2021124
Oyster River,3/19/21,male,200,2021,2,2021125
Oyster River,3/23/21,male,152,2021,2,2021134
Oyster River,3/23/21,male,148,2021,2,2021135
Oyster River,3/24/21,male,213,2021,4,2021142
Oyster River,3/24/21,male,155,2021,2,2021143
Oyster River,3/24/21,male,108,2021,1,2021144
Oyster River,3/24/21,male,219,2021,3,2021145
Oyster River,3/24/21,male,113,2021,1,2021146
Oyster River,3/24/21,male,119,2021,1,2021147
Oyster River,3/24/21,male,111,2021,2,2021148
Oyster River,3/24/21,male,105,2021,1,2021149
Oyster River,3/24/21,female,102,2021,1,2021150
Oyster River,3/24/21,male,110,2021,1,2021151
Oyster River,3/25/21,male,150,2021,2,2021156
Oyster River,3/25/21,female,108,2021,1,2021157
Oyster River,3/30/21,male,104,2021,1,2021160
Oyster River,3/31/21,female,239,2021,4,2021170
Oyster River,4/1/21,female,161,2021,2,2021178
Oyster River,4/6/21,male,119,2021,1,2021180
Oyster River,4/7/21,male,115,2021,1,2021181
Oyster River,4/8/21,male,148,2021,2,2021182
Squamscott River,3/18/21,male,162,2021,2,2021063
Squamscott River,3/18/21,male,211,2021,3,2021064
Squamscott River,3/18/21,male,180,2021,2,2021065
Squamscott River,3/18/21,male,209,2021,4,2021066
Squamscott River,3/18/21,male,195,2021,3,2021067
Squamscott River,3/18/21,female,184,2021,3,2021068
Squamscott River,3/18/21,male,196,2021,2,2021069
Squamscott River,3/18/21,male,201,2021,2,2021070
Squamscott River,3/18/21,male,206,2021,4,2021071
Squamscott River,3/18/21,female,200,2021,2,2021072
Squamscott River,3/18/21,male,191,2021,2,2021073
Squamscott River,3/18/21,male,226,2021,4,2021074
Squamscott River,3/18/21,male,190,2021,2,2021075
Squamscott River,3/18/21,male,212,2021,3,2021076
Squamscott River,3/18/21,male,196,2021,3,2021077
Squamscott River,3/18/21,male,202,2021,4,2021078
Squamscott River,3/18/21,male,197,2021,2,2021079
Squamscott River,3/18/21,female,173,2021,2,2021080
Squamscott River,3/18/21,male,194,2021,2,2021081
Squamscott River,3/18/21,female,258,2021,5,2021082
Squamscott River,3/18/21,male,211,2021,3,2021083
Squamscott River,3/18/21,female,161,2021,2,2021084
Squamscott River,3/18/21,male,219,2021,4,2021085
Squamscott River,3/18/21,male,218,2021,3,2021086
Squamscott River,3/18/21,female,167,2021,2,2021087
Squamscott River,3/18/21,male,213,2021,3,2021088
Squamscott River,3/18/21,female,201,2021,2,2021089
Squamscott River,3/18/21,male,158,2021,2,2021090
Squamscott River,3/18/21,female,201,2021,2,2021091
Squamscott River,3/18/21,female,193,2021,2,2021092
Squamscott River,3/18/21,female,203,2021,2,2021093
Squamscott River,3/18/21,male,236,2021,4,2021094
Squamscott River,3/18/21,female,177,2021,2,2021095
Squamscott River,3/18/21,male,225,2021,4,2021096
Squamscott River,3/18/21,male,214,2021,4,2021097
Squamscott River,3/18/21,male,157,2021,2,2021098
Squamscott River,3/18/21,male,211,2021,3,2021099
Squamscott River,3/18/21,male,210,2021,3,2021100
Squamscott River,3/18/21,male,221,2021,4,2021101
Squamscott River,3/18/21,female,168,2021,2,2021102
Squamscott River,3/18/21,male,222,2021,3,2021103
Squamscott River,3/18/21,male,221,2021,3,2021104
Squamscott River,3/18/21,female,175,2021,2,2021105
Squamscott River,3/18/21,female,166,2021,2,2021106
Squamscott River,3/18/21,female,171,2021,2,2021107
Squamscott River,3/18/21,female,175,2021,2,2021108
Squamscott River,3/18/21,male,153,2021,2,2021109
Squamscott River,3/18/21,female,168,2021,2,2021110
Squamscott River,3/18/21,male,230,2021,3,2021111
Squamscott River,3/18/21,female,220,2021,3,2021112
Squamscott River,3/18/21,female,161,2021,2,2021113
Squamscott River,3/18/21,male,221,2021,3,2021114
Squamscott River,3/18/21,male,225,2021,3,2021115
Squamscott River,3/18/21,female,169,2021,2,2021116
Squamscott River,3/18/21,male,231,2021,4,2021117
Squamscott River,3/18/21,female,165,2021,2,2021118
Squamscott River,3/18/21,male,222,2021,4,2021119
Squamscott River,3/18/21,male,223,2021,4,2021120
Squamscott River,3/19/21,female,214,2021,2,2021126
Squamscott River,3/19/21,male,225,2021,4,2021127
Squamscott River,3/19/21,female,167,2021,2,2021128
Squamscott River,3/19/21,male,159,2021,2,2021129
Squamscott River,3/19/21,male,157,2021,2,2021130
Squamscott River,3/19/21,male,152,2021,2,2021131
Squamscott River,3/19/21,male,120,2021,1,2021132
Squamscott River,3/19/21,male,94,2021,1,2021133
Squamscott River,3/23/21,female,151,2021,2,2021136
Squamscott River,3/23/21,male,156,2021,2,2021137
Squamscott River,3/23/21,male,157,2021,2,2021138
Squamscott River,3/23/21,female,155,2021,2,2021139
Squamscott River,3/23/21,male,150,2021,3,2021140
Squamscott River,3/23/21,male,108,2021,1,2021141
Squamscott River,3/24/21,male,235,2021,4,2021152
Squamscott River,3/24/21,female,159,2021,2,2021153
Squamscott River,3/25/21,male,104,2021,1,2021158
Squamscott River,3/25/21,female,157,2021,2,2021159
Squamscott River,3/30/21,female,105,2021,1,2021169
Squamscott River,3/30/21,male,145,2021,2,2021161
Squamscott River,3/30/21,male,110,2021,1,2021162
Squamscott River,3/31/21,male,109,2021,1,2021171
Squamscott River,4/1/21,male,113,2021,1,2021179
Winnicut River,3/17/21,male,167,2021,2,2021029
Winnicut River,3/17/21,male,181,2021,3,2021003
Winnicut River,3/17/21,female,192,2021,2,2021022
Winnicut River,3/17/21,male,193,2021,2,2021023
Winnicut River,3/17/21,male,156,2021,2,2021024
Winnicut River,3/17/21,male,180,2021,2,2021025
Winnicut River,3/17/21,male,184,2021,2,2021026
Winnicut River,3/17/21,male,165,2021,2,2021020
Winnicut River,3/17/21,male,178,2021,2,2021028
Winnicut River,3/17/21,female,167,2021,2,2021019
Winnicut River,3/17/21,male,156,2021,2,2021030
Winnicut River,3/17/21,male,174,2021,2,2021031
Winnicut River,3/17/21,male,177,2021,2,2021032
Winnicut River,3/17/21,male,175,2021,2,2021033
Winnicut River,3/17/21,female,192,2021,3,2021034
Winnicut River,3/17/21,male,177,2021,2,2021035
Winnicut River,3/17/21,male,164,2021,2,2021027
Winnicut River,3/17/21,male,159,2021,2,2021012
Winnicut River,3/17/21,male,187,2021,2,2021004
Winnicut River,3/17/21,male,196,2021,3,2021005
Winnicut River,3/17/21,male,173,2021,2,2021006
Winnicut River,3/17/21,male,178,2021,2,2021007
Winnicut River,3/17/21,male,175,2021,2,2021008
Winnicut River,3/17/21,male,184,2021,3,2021009
Winnicut River,3/17/21,male,189,2021,3,2021021
Winnicut River,3/17/21,male,174,2021,2,2021011
Winnicut River,3/17/21,female,175,2021,2,2021038
Winnicut River,3/17/21,female,181,2021,3,2021013
Winnicut River,3/17/21,male,189,2021,2,2021014
Winnicut River,3/17/21,male,180,2021,2,2021015
Winnicut River,3/17/21,male,163,2021,2,2021016
Winnicut River,3/17/21,male,176,2021,3,2021017
Winnicut River,3/17/21,male,185,2021,2,2021018
Winnicut River,3/17/21,female,181,2021,3,2021010
Winnicut River,3/17/21,male,204,2021,2,2021039
Winnicut River,3/17/21,male,197,2021,3,2021040
Winnicut River,3/17/21,female,174,2021,2,2021041
Winnicut River,3/17/21,male,194,2021,4,2021042
Winnicut River,3/17/21,male,166,2021,2,2021043
Winnicut River,3/17/21,female,174,2021,2,2021044
Winnicut River,3/17/21,male,190,2021,2,2021036
Winnicut River,3/17/21,male,180,2021,2,2021037
Winnicut River,3/18/21,male,192,2021,3,2021053
Winnicut River,3/18/21,female,184,2021,2,2021057
Winnicut River,3/18/21,female,186,2021,3,2021056
Winnicut River,3/18/21,male,159,2021,2,2021054
Winnicut River,3/18/21,male,169,2021,2,2021052
Winnicut River,3/18/21,male,165,2021,2,2021051
Winnicut River,3/18/21,male,155,2021,2,2021049
Winnicut River,3/18/21,male,166,2021,2,2021048
Winnicut River,3/18/21,male,159,2021,2,2021047
Winnicut River,3/18/21,female,187,2021,2,2021046
Winnicut River,3/18/21,male,169,2021,2,2021045
Winnicut River,3/18/21,female,172,2021,2,2021050
Winnicut River,3/18/21,male,169,2021,2,2021055
Winnicut River,3/25/21,male,151,2021,2,2021154
Winnicut River,3/25/21,male,159,2021,2,2021155
Winnicut River,3/30/21,male,159,2021,2,2021163
Winnicut River,3/30/21,female,172,2021,2,2021168
Winnicut River,3/30/21,female,185,2021,2,2021167
Winnicut River,3/30/21,male,196,2021,3,2021166
Winnicut River,3/30/21,male,149,2021,2,2021164
Winnicut River,3/30/21,male,159,2021,2,2021165
Winnicut River,3/31/21,male,119,2021,1,2021177
Winnicut River,3/31/21,male,190,2021,2,2021172
Winnicut River,3/31/21,male,141,2021,2,2021173
Winnicut River,3/31/21,male,195,2021,2,2021174
Winnicut River,3/31/21,male,204,2021,2,2021175
Winnicut River,3/31/21,male,136,2021,2,2021176
Oyster River,3/15/22,female,106,2022,1,2022005
Oyster River,3/15/22,male,128,2022,1,2022006
Oyster River,3/15/22,male,127,2022,1,2022004
Oyster River,3/15/22,male,135,2022,1,2022003
Oyster River,3/15/22,male,181,2022,2,2022008
Oyster River,3/15/22,female,209,2022,2,2022007
Oyster River,3/16/22,male,131,2022,1,2022014
Oyster River,3/16/22,male,120,2022,1,2022015
Oyster River,3/16/22,male,215,2022,3,2022016
Oyster River,3/16/22,male,131,2022,1,2022017
Oyster River,3/17/22,male,108,2022,1,2022039
Oyster River,3/17/22,female,194,2022,2,2022043
Oyster River,3/17/22,male,125,2022,1,2022041
Oyster River,3/17/22,male,123,2022,1,2022038
Oyster River,3/17/22,male,104,2022,1,2022040
Oyster River,3/17/22,male,179,2022,2,2022042
Oyster River,3/23/22,male,105,2022,1,2022096
Oyster River,3/23/22,male,122,2022,1,2022103
Oyster River,3/23/22,male,101,2022,2,2022100
Oyster River,3/23/22,male,114,2022,1,2022102
Oyster River,3/23/22,male,106,2022,1,2022105
Oyster River,3/23/22,male,111,2022,1,2022093
Oyster River,3/23/22,male,119,2022,1,2022095
Oyster River,3/23/22,female,123,2022,2,2022115
Oyster River,3/23/22,female,118,2022,1,2022099
Oyster River,3/23/22,female,102,2022,1,2022097
Oyster River,3/23/22,female,99,2022,1,2022098
Oyster River,3/23/22,female,122,2022,2,2022101
Oyster River,3/23/22,female,105,2022,1,2022094
Oyster River,3/23/22,male,119,2022,1,2022114
Oyster River,3/23/22,male,111,2022,1,2022111
Oyster River,3/23/22,female,119,2022,2,2022112
Oyster River,3/23/22,male,130,2022,2,2022110
Oyster River,3/23/22,male,127,2022,2,2022113
Oyster River,3/23/22,female,114,2022,1,2022104
Oyster River,3/23/22,female,109,2022,1,2022116
Oyster River,3/23/22,female,101,2022,1,2022108
Oyster River,3/23/22,male,126,2022,1,2022109
Oyster River,3/23/22,male,128,2022,1,2022106
Oyster River,3/23/22,male,118,2022,2,2022107
Oyster River,3/24/22,male,104,2022,2,2022175
Oyster River,3/24/22,male,127,2022,2,2022171
Oyster River,3/24/22,male,117,2022,1,2022170
Oyster River,3/24/22,male,141,2022,1,2022173
Oyster River,3/24/22,male,111,2022,1,2022174
Oyster River,3/24/22,male,168,2022,2,2022187
Oyster River,3/24/22,male,119,2022,2,2022172
Oyster River,3/24/22,female,121,2022,1,2022169
Oyster River,3/24/22,female,117,2022,1,2022193
Oyster River,3/24/22,female,119,2022,2,2022192
Oyster River,3/24/22,female,118,2022,2,2022191
Oyster River,3/24/22,female,116,2022,1,2022190
Oyster River,3/24/22,female,92,2022,1,2022188
Oyster River,3/24/22,female,135,2022,2,2022186
Oyster River,3/24/22,female,102,2022,1,2022185
Oyster River,3/24/22,female,102,2022,1,2022184
Oyster River,3/24/22,male,116,2022,1,2022182
Oyster River,3/24/22,female,137,2022,2,2022181
Oyster River,3/24/22,female,104,2022,1,2022180
Oyster River,3/24/22,male,97,2022,1,2022179
Oyster River,3/24/22,male,105,2022,2,2022178
Oyster River,3/24/22,female,109,2022,2,2022177
Oyster River,3/24/22,male,88,2022,1,2022183
Oyster River,3/24/22,female,104,2022,1,2022189
Oyster River,3/24/22,female,117,2022,2,2022176
Oyster River,3/25/22,female,116,2022,2,UNH22010
Oyster River,3/25/22,female,143,2022,2,2022236
Oyster River,3/25/22,female,121,2022,2,2022237
Oyster River,3/25/22,male,100,2022,1,2022238
Oyster River,3/25/22,male,103,2022,1,2022239
Oyster River,3/25/22,female,123,2022,1,2022241
Oyster River,3/25/22,female,115,2022,1,2022240
Oyster River,3/25/22,female,126,2022,2,2022243
Oyster River,3/25/22,female,104,2022,1,2022235
Oyster River,3/25/22,male,97,2022,1,2022244
Oyster River,3/30/22,male,131,2022,1,UNH22034
Oyster River,3/30/22,male,87,2022,1,2022380
Oyster River,3/30/22,female,128,2022,1,2022381
Oyster River,3/30/22,male,133,2022,1,UNH22036
Oyster River,3/30/22,female,92,2022,1,UNH22057
Oyster River,3/30/22,male,98,2022,1,UNH22062
Oyster River,3/30/22,male,97,2022,1,UNH22055
Oyster River,3/30/22,male,96,2022,1,UNH22043
Oyster River,3/31/22,male,218,2022,3,2022395
Oyster River,3/31/22,male,84,2022,1,2022407
Oyster River,4/5/22,female,124,2022,1,2022410
Oyster River,4/5/22,female,93,2022,1,2022409
Oyster River,4/5/22,male,131,2022,1,2022408
Oyster River,4/6/22,female,92,2022,1,2022412
Oyster River,4/6/22,female,88,2022,1,2022416
Oyster River,4/6/22,female,99,2022,1,2022411
Oyster River,4/7/22,male,96,2022,1,2022418
Oyster River,4/13/22,female,98,2022,1,2022422
Oyster River,4/13/22,male,87,2022,1,2022423
Squamscott River,3/23/22,male,102,2022,1,2022161
Squamscott River,3/23/22,male,119,2022,1,2022151
Squamscott River,3/23/22,male,114,2022,1,2022142
Squamscott River,3/23/22,female,118,2022,2,2022159
Squamscott River,3/23/22,female,117,2022,2,2022158
Squamscott River,3/23/22,male,108,2022,1,2022160
Squamscott River,3/23/22,male,117,2022,1,2022157
Squamscott River,3/23/22,male,101,2022,2,2022156
Squamscott River,3/23/22,male,119,2022,2,2022155
Squamscott River,3/23/22,female,102,2022,1,2022154
Squamscott River,3/23/22,male,123,2022,1,2022140
Squamscott River,3/23/22,male,99,2022,1,2022152
Squamscott River,3/23/22,male,110,2022,1,2022139
Squamscott River,3/23/22,male,105,2022,1,2022162
Squamscott River,3/23/22,female,110,2022,1,2022143
Squamscott River,3/23/22,male,128,2022,1,2022144
Squamscott River,3/23/22,male,139,2022,2,2022145
Squamscott River,3/23/22,male,114,2022,1,2022146
Squamscott River,3/23/22,male,112,2022,2,2022147
Squamscott River,3/23/22,female,122,2022,2,2022148
Squamscott River,3/23/22,male,108,2022,1,2022149
Squamscott River,3/23/22,male,114,2022,1,2022150
Squamscott River,3/23/22,male,134,2022,2,2022153
Squamscott River,3/23/22,male,133,2022,1,2022129
Squamscott River,3/23/22,female,131,2022,2,2022119
Squamscott River,3/23/22,male,108,2022,2,2022118
Squamscott River,3/23/22,male,168,2022,3,2022117
Squamscott River,3/23/22,male,209,2022,3,2022120
Squamscott River,3/23/22,male,131,2022,1,2022121
Squamscott River,3/23/22,male,129,2022,2,2022122
Squamscott River,3/23/22,male,125,2022,2,2022123
Squamscott River,3/23/22,male,127,2022,2,2022124
Squamscott River,3/23/22,male,116,2022,1,2022125
Squamscott River,3/23/22,male,121,2022,2,2022141
Squamscott River,3/23/22,female,142,2022,2,2022127
Squamscott River,3/23/22,male,125,2022,1,2022130
Squamscott River,3/23/22,male,136,2022,2,2022131
Squamscott River,3/23/22,male,176,2022,2,2022132
Squamscott River,3/23/22,male,199,2022,4,2022134
Squamscott River,3/23/22,male,136,2022,2,2022133
Squamscott River,3/23/22,female,114,2022,2,2022135
Squamscott River,3/23/22,male,123,2022,2,2022136
Squamscott River,3/23/22,male,127,2022,1,2022137
Squamscott River,3/23/22,female,125,2022,2,2022138
Squamscott River,3/23/22,male,188,2022,2,2022126
Squamscott River,3/24/22,male,208,2022,3,2022204
Squamscott River,3/24/22,female,212,2022,4,2022195
Squamscott River,3/24/22,male,198,2022,3,2022196
Squamscott River,3/24/22,male,170,2022,2,2022197
Squamscott River,3/24/22,male,207,2022,3,2022198
Squamscott River,3/24/22,male,201,2022,3,2022199
Squamscott River,3/24/22,male,181,2022,2,2022201
Squamscott River,3/24/22,male,177,2022,3,2022203
Squamscott River,3/24/22,female,122,2022,2,2022225
Squamscott River,3/24/22,male,176,2022,3,2022202
Squamscott River,3/24/22,female,126,2022,2,2022229
Squamscott River,3/24/22,female,116,2022,1,2022228
Squamscott River,3/24/22,female,116,2022,1,2022205
Squamscott River,3/24/22,male,140,2022,1,2022226
Squamscott River,3/24/22,male,179,2022,2,2022200
Squamscott River,3/24/22,female,122,2022,1,2022224
Squamscott River,3/24/22,female,110,2022,1,2022223
Squamscott River,3/24/22,female,124,2022,1,2022222
Squamscott River,3/24/22,female,137,2022,2,2022221
Squamscott River,3/24/22,male,116,2022,1,2022220
Squamscott River,3/24/22,male,103,2022,1,2022219
Squamscott River,3/24/22,male,96,2022,1,2022227
Squamscott River,3/24/22,male,97,2022,1,2022213
Squamscott River,3/24/22,male,219,2022,4,2022194
Squamscott River,3/24/22,female,134,2022,1,2022216
Squamscott River,3/24/22,male,145,2022,2,2022215
Squamscott River,3/24/22,male,130,2022,1,2022212
Squamscott River,3/24/22,female,124,2022,1,2022206
Squamscott River,3/24/22,male,136,2022,1,2022210
Squamscott River,3/24/22,female,138,2022,2,2022209
Squamscott River,3/24/22,male,135,2022,2,2022208
Squamscott River,3/24/22,male,139,2022,2,2022207
Squamscott River,3/25/22,male,182,2022,2,2022267
Squamscott River,3/25/22,female,132,2022,1,2022273
Squamscott River,3/25/22,male,143,2022,2,2022276
Squamscott River,3/25/22,male,93,2022,1,2022275
Squamscott River,3/25/22,male,188,2022,3,2022274
Squamscott River,3/25/22,female,105,2022,1,2022277
Squamscott River,3/25/22,male,215,2022,3,2022272
Squamscott River,3/25/22,male,215,2022,3,2022271
Squamscott River,3/25/22,male,96,2022,1,2022270
Squamscott River,3/25/22,female,135,2022,2,2022278
Squamscott River,3/25/22,male,206,2022,3,2022268
Squamscott River,3/25/22,male,147,2022,2,2022284
Squamscott River,3/25/22,male,201,2022,3,2022266
Squamscott River,3/25/22,male,196,2022,3,2022269
Squamscott River,3/25/22,male,217,2022,3,2022287
Squamscott River,3/25/22,male,158,2022,2,2022247
Squamscott River,3/25/22,male,144,2022,2,2022248
Squamscott River,3/25/22,female,106,2022,1,2022292
Squamscott River,3/25/22,male,98,2022,1,2022291
Squamscott River,3/25/22,male,162,2022,2,2022290
Squamscott River,3/25/22,male,140,2022,2,2022282
Squamscott River,3/25/22,male,97,2022,1,2022288
Squamscott River,3/25/22,male,98,2022,1,2022279
Squamscott River,3/25/22,male,193,2022,2,2022286
Squamscott River,3/25/22,male,97,2022,1,2022285
Squamscott River,3/25/22,male,226,2022,3,2022263
Squamscott River,3/25/22,male,141,2022,2,2022283
Squamscott River,3/25/22,male,140,2022,2,2022281
Squamscott River,3/25/22,male,232,2022,4,2022280
Squamscott River,3/25/22,female,157,2022,1,2022289
Squamscott River,3/25/22,female,123,2022,2,2022249
Squamscott River,3/25/22,male,183,2022,2,2022265
Squamscott River,3/25/22,male,140,2022,2,2022264
Squamscott River,3/25/22,male,224,2022,4,2022293
Squamscott River,3/25/22,male,98,2022,1,2022250
Squamscott River,3/25/22,female,99,2022,1,2022251
Squamscott River,3/25/22,female,108,2022,1,2022252
Squamscott River,3/25/22,female,115,2022,2,2022253
Squamscott River,3/25/22,male,140,2022,2,2022254
Squamscott River,3/25/22,female,101,2022,1,2022261
Squamscott River,3/25/22,male,231,2022,4,2022245
Squamscott River,3/25/22,male,218,2022,3,2022262
Squamscott River,3/25/22,female,125,2022,1,2022255
Squamscott River,3/25/22,male,209,2022,3,2022260
Squamscott River,3/25/22,female,100,2022,1,2022259
Squamscott River,3/25/22,female,122,2022,1,2022258
Squamscott River,3/25/22,male,188,2022,3,2022257
Squamscott River,3/25/22,female,113,2022,1,2022256
Squamscott River,3/29/22,female,100,2022,1,2022339
Squamscott River,3/29/22,male,173,2022,2,2022344
Squamscott River,3/29/22,female,95,2022,1,2022342
Squamscott River,3/29/22,female,98,2022,1,2022338
Squamscott River,3/29/22,female,100,2022,1,2022340
Squamscott River,3/29/22,female,101,2022,1,2022337
Squamscott River,3/29/22,male,217,2022,3,2022343
Squamscott River,3/29/22,male,176,2022,2,2022341
Squamscott River,3/30/22,female,134,2022,2,2022389
Squamscott River,3/30/22,female,99,2022,1,2022394
Squamscott River,3/30/22,male,227,2022,4,2022388
Squamscott River,3/31/22,female,92,2022,1,2022396
Squamscott River,3/31/22,male,213,2022,3,2022398
Squamscott River,3/31/22,male,213,2022,4,2022399
Squamscott River,3/31/22,male,164,2022,2,2022400
Squamscott River,3/31/22,female,131,2022,2,2022401
Squamscott River,3/31/22,female,102,2022,1,2022397
Squamscott River,4/5/22,male,120,2022,1,UNH22079
Squamscott River,4/5/22,male,99,2022,1,UNH22082
Squamscott River,4/5/22,male,99,2022,1,UNH22084
Squamscott River,4/5/22,male,103,2022,1,UNH22083
Winnicut River,3/10/22,male,226,2022,3,2022001
Winnicut River,3/11/22,male,194,2022,3,2022002
Winnicut River,3/15/22,female,200,2022,3,2022010
Winnicut River,3/15/22,male,214,2022,2,2022013
Winnicut River,3/15/22,male,201,2022,3,2022009
Winnicut River,3/15/22,male,207,2022,2,2022012
Winnicut River,3/15/22,female,232,2022,4,2022011
Winnicut River,3/16/22,female,121,2022,1,2022034
Winnicut River,3/16/22,male,112,2022,1,2022036
Winnicut River,3/16/22,male,188,2022,2,2022027
Winnicut River,3/16/22,male,116,2022,1,2022033
Winnicut River,3/16/22,male,135,2022,1,2022032
Winnicut River,3/16/22,male,133,2022,1,2022030
Winnicut River,3/16/22,male,193,2022,3,2022029
Winnicut River,3/16/22,male,184,2022,3,2022031
Winnicut River,3/16/22,male,145,2022,1,2022028
Winnicut River,3/16/22,male,114,2022,1,2022035
Winnicut River,3/16/22,male,181,2022,2,2022024
Winnicut River,3/16/22,female,130,2022,1,2022025
Winnicut River,3/16/22,male,216,2022,3,2022026
Winnicut River,3/16/22,female,138,2022,1,2022023
Winnicut River,3/16/22,male,120,2022,1,2022022
Winnicut River,3/16/22,male,203,2022,2,2022021
Winnicut River,3/16/22,male,208,2022,2,2022019
Winnicut River,3/16/22,female,192,2022,2,2022018
Winnicut River,3/16/22,male,121,2022,1,2022037
Winnicut River,3/16/22,male,130,2022,1,2022020
Winnicut River,3/17/22,male,182,2022,3,2022065
Winnicut River,3/17/22,male,135,2022,2,2022057
Winnicut River,3/17/22,male,133,2022,1,2022053
Winnicut River,3/17/22,male,122,2022,2,2022058
Winnicut River,3/17/22,male,173,2022,2,2022060
Winnicut River,3/17/22,male,170,2022,3,2022061
Winnicut River,3/17/22,male,187,2022,3,2022062
Winnicut River,3/17/22,male,182,2022,3,2022063
Winnicut River,3/17/22,female,127,2022,2,2022059
Winnicut River,3/17/22,male,180,2022,2,2022064
Winnicut River,3/17/22,male,143,2022,2,2022050
Winnicut River,3/17/22,male,185,2022,3,2022067
Winnicut River,3/17/22,male,189,2022,3,2022066
Winnicut River,3/17/22,male,126,2022,2,2022056
Winnicut River,3/17/22,male,135,2022,2,2022055
Winnicut River,3/17/22,male,120,2022,1,2022054
Winnicut River,3/17/22,male,125,2022,1,2022051
Winnicut River,3/17/22,male,140,2022,2,2022049
Winnicut River,3/17/22,male,140,2022,2,2022048
Winnicut River,3/17/22,male,128,2022,1,2022047
Winnicut River,3/17/22,male,123,2022,2,2022046
Winnicut River,3/17/22,male,118,2022,1,2022045
Winnicut River,3/17/22,male,121,2022,1,2022044
Winnicut River,3/17/22,male,197,2022,2,2022068
Winnicut River,3/17/22,male,198,2022,3,2022092
Winnicut River,3/17/22,male,129,2022,1,2022052
Winnicut River,3/17/22,male,204,2022,4,2022084
Winnicut River,3/17/22,male,209,2022,3,2022090
Winnicut River,3/17/22,female,201,2022,2,2022091
Winnicut River,3/17/22,male,211,2022,4,2022089
Winnicut River,3/17/22,male,198,2022,3,2022088
Winnicut River,3/17/22,female,226,2022,3,2022087
Winnicut River,3/17/22,male,211,2022,3,2022077
Winnicut River,3/17/22,male,212,2022,4,2022085
Winnicut River,3/17/22,male,201,2022,3,2022069
Winnicut River,3/17/22,male,218,2022,4,2022083
Winnicut River,3/17/22,female,201,2022,2,2022082
Winnicut River,3/17/22,female,219,2022,3,2022081
Winnicut River,3/17/22,male,219,2022,4,2022071
Winnicut River,3/17/22,female,202,2022,3,2022080
Winnicut River,3/17/22,male,211,2022,3,2022070
Winnicut River,3/17/22,male,224,2022,3,2022078
Winnicut River,3/17/22,male,206,2022,3,2022076
Winnicut River,3/17/22,male,197,2022,3,2022075
Winnicut River,3/17/22,male,210,2022,3,2022074
Winnicut River,3/17/22,male,207,2022,4,2022073
Winnicut River,3/17/22,male,204,2022,4,2022072
Winnicut River,3/17/22,male,186,2022,3,2022079
Winnicut River,3/17/22,male,214,2022,4,2022086
Winnicut River,3/23/22,male,132,2022,2,2022163
Winnicut River,3/23/22,male,119,2022,2,2022164
Winnicut River,3/23/22,male,130,2022,1,2022165
Winnicut River,3/23/22,male,161,2022,3,2022166
Winnicut River,3/23/22,male,111,2022,1,2022168
Winnicut River,3/23/22,male,104,2022,1,2022167
Winnicut River,3/25/22,male,98,2022,1,2022312
Winnicut River,3/25/22,female,124,2022,1,2022314
Winnicut River,3/25/22,male,98,2022,1,2022329
Winnicut River,3/25/22,male,99,2022,1,2022328
Winnicut River,3/25/22,male,142,2022,2,2022313
Winnicut River,3/25/22,female,147,2022,1,2022297
Winnicut River,3/25/22,male,143,2022,1,2022311
Winnicut River,3/25/22,male,143,2022,1,2022310
Winnicut River,3/25/22,male,103,2022,1,2022309
Winnicut River,3/25/22,male,162,2022,2,2022317
Winnicut River,3/25/22,male,226,2022,4,2022301
Winnicut River,3/25/22,female,107,2022,1,2022326
Winnicut River,3/25/22,male,99,2022,1,2022330
Winnicut River,3/25/22,male,98,2022,1,2022300
Winnicut River,3/25/22,male,141,2022,1,2022323
Winnicut River,3/25/22,male,168,2022,2,2022322
Winnicut River,3/25/22,male,96,2022,1,2022331
Winnicut River,3/25/22,male,224,2022,3,2022319
Winnicut River,3/25/22,male,97,2022,1,2022325
Winnicut River,3/25/22,male,143,2022,2,2022321
Winnicut River,3/25/22,male,98,2022,1,2022336
Winnicut River,3/25/22,male,98,2022,1,2022332
Winnicut River,3/25/22,female,208,2022,3,2022333
Winnicut River,3/25/22,male,87,2022,1,2022334
Winnicut River,3/25/22,male,95,2022,1,2022335
Winnicut River,3/25/22,male,197,2022,3,2022320
Winnicut River,3/29/22,female,100,2022,1,2022353
Winnicut River,3/29/22,male,172,2022,3,2022355
Winnicut River,3/29/22,male,166,2022,3,2022368
Winnicut River,3/29/22,female,104,2022,1,2022354
Winnicut River,3/29/22,male,151,2022,2,2022378
Winnicut River,3/29/22,female,116,2022,1,2022377
Winnicut River,3/29/22,female,96,2022,1,2022376
Winnicut River,3/29/22,male,157,2022,2,2022375
Winnicut River,3/29/22,male,159,2022,2,2022379
Winnicut River,3/29/22,male,155,2022,2,2022374
Winnicut River,3/29/22,male,177,2022,2,2022361
Winnicut River,3/29/22,female,106,2022,1,2022372
Winnicut River,3/29/22,female,104,2022,1,2022352
Winnicut River,3/29/22,female,98,2022,1,2022351
Winnicut River,3/29/22,female,96,2022,1,2022350
Winnicut River,3/29/22,female,99,2022,1,2022349
Winnicut River,3/29/22,female,105,2022,1,2022347
Winnicut River,3/29/22,female,109,2022,1,2022346
Winnicut River,3/29/22,female,106,2022,1,2022345
Winnicut River,3/29/22,female,122,2022,1,2022356
Winnicut River,3/29/22,female,122,2022,1,2022357
Winnicut River,3/29/22,male,225,2022,3,2022358
Winnicut River,3/29/22,male,220,2022,4,2022370
Winnicut River,3/29/22,male,172,2022,2,2022360
Winnicut River,3/29/22,female,113,2022,1,2022371
Winnicut River,3/29/22,male,179,2022,3,2022362
Winnicut River,3/29/22,female,108,2022,1,2022363
Winnicut River,3/29/22,female,103,2022,1,2022364
Winnicut River,3/29/22,female,93,2022,1,2022365
Winnicut River,3/29/22,female,127,2022,2,2022366
Winnicut River,3/29/22,male,220,2022,5,2022367
Winnicut River,3/29/22,female,111,2022,1,2022369
Winnicut River,3/29/22,male,177,2022,2,2022359
Winnicut River,3/30/22,female,125,2022,1,2022393
Winnicut River,3/30/22,female,111,2022,1,2022392
Winnicut River,3/30/22,male,157,2022,1,2022391
Winnicut River,3/30/22,female,90,2022,1,2022390
Winnicut River,3/31/22,female,113,2022,1,2022403
Winnicut River,3/31/22,male,152,2022,2,UNH22074
Winnicut River,3/31/22,male,174,2022,3,UNH22070
Winnicut River,3/31/22,male,89,2022,1,2022405
Winnicut River,3/31/22,female,89,2022,1,2022402
Winnicut River,3/31/22,male,173,2022,2,UNH22073
Winnicut River,3/31/22,male,192,2022,2,UNH22072
Winnicut River,3/31/22,male,156,2022,2,2022404
Winnicut River,3/31/22,male,194,2022,2,UNH22065
Winnicut River,3/31/22,female,96,2022,1,2022406
Winnicut River,4/6/22,female,85,2022,1,2022415
Winnicut River,4/6/22,male,118,2022,1,UNH22088
Winnicut River,4/6/22,female,98,2022,1,2022413
Winnicut River,4/6/22,male,111,2022,1,UNH22087
Winnicut River,4/6/22,male,112,2022,1,UNH22085
Winnicut River,4/6/22,female,93,2022,1,2022414
Winnicut River,4/6/22,male,110,2022,1,UNH22086
Winnicut River,4/7/22,female,84,2022,1,2022417
Winnicut River,4/7/22,male,111,2022,1,UNH22101
Winnicut River,4/7/22,male,104,2022,1,UNH22102
Winnicut River,4/7/22,male,172,2022,2,UNH22098
Winnicut River,4/7/22,male,129,2022,2,UNH22100
Winnicut River,4/12/22,male,84,2022,1,2022420
Winnicut River,4/12/22,female,82,2022,1,2022419
Winnicut River,4/12/22,female,86,2022,1,2022421
Winnicut River,4/12/22,male,104,2022,1,UNH22129
Winnicut River,4/12/22,male,108,2022,1,UNH22126
Winnicut River,4/12/22,male,108,2022,1,UNH22109
Winnicut River,4/12/22,male,105,2022,1,UNH22105
Winnicut River,4/12/22,male,129,2022,1,UNH22115
Winnicut River,4/12/22,male,189,2022,3,UNH22106
Winnicut River,4/12/22,male,107,2022,1,UNH22117
Winnicut River,4/12/22,male,100,2022,1,UNH22127
Winnicut River,4/13/22,male,145,2022,1,UNH22134
Oyster River,3/15/22,female,106,2022,1,2022005
Oyster River,3/15/22,male,128,2022,1,2022006
Oyster River,3/15/22,male,127,2022,1,2022004
Oyster River,3/15/22,male,135,2022,1,2022003
Oyster River,3/15/22,male,181,2022,2,2022008
Oyster River,3/15/22,female,209,2022,2,2022007
Oyster River,3/16/22,male,131,2022,1,2022014
Oyster River,3/16/22,male,120,2022,1,2022015
Oyster River,3/16/22,male,215,2022,3,2022016
Oyster River,3/16/22,male,131,2022,1,2022017
Oyster River,3/17/22,male,108,2022,1,2022039
Oyster River,3/17/22,female,194,2022,2,2022043
Oyster River,3/17/22,male,125,2022,1,2022041
Oyster River,3/17/22,male,123,2022,1,2022038
Oyster River,3/17/22,male,104,2022,1,2022040
Oyster River,3/17/22,male,179,2022,2,2022042
Oyster River,3/23/22,male,105,2022,1,2022096
Oyster River,3/23/22,male,122,2022,1,2022103
Oyster River,3/23/22,male,101,2022,2,2022100
Oyster River,3/23/22,male,114,2022,1,2022102
Oyster River,3/23/22,male,106,2022,1,2022105
Oyster River,3/23/22,male,111,2022,1,2022093
Oyster River,3/23/22,male,119,2022,1,2022095
Oyster River,3/23/22,female,123,2022,2,2022115
Oyster River,3/23/22,female,118,2022,1,2022099
Oyster River,3/23/22,female,102,2022,1,2022097
Oyster River,3/23/22,female,99,2022,1,2022098
Oyster River,3/23/22,female,122,2022,2,2022101
Oyster River,3/23/22,female,105,2022,1,2022094
Oyster River,3/23/22,male,119,2022,1,2022114
Oyster River,3/23/22,male,111,2022,1,2022111
Oyster River,3/23/22,female,119,2022,2,2022112
Oyster River,3/23/22,male,130,2022,2,2022110
Oyster River,3/23/22,male,127,2022,2,2022113
Oyster River,3/23/22,female,114,2022,1,2022104
Oyster River,3/23/22,female,109,2022,1,2022116
Oyster River,3/23/22,female,101,2022,1,2022108
Oyster River,3/23/22,male,126,2022,1,2022109
Oyster River,3/23/22,male,128,2022,1,2022106
Oyster River,3/23/22,male,118,2022,2,2022107
Oyster River,3/24/22,male,104,2022,2,2022175
Oyster River,3/24/22,male,127,2022,2,2022171
Oyster River,3/24/22,male,117,2022,1,2022170
Oyster River,3/24/22,male,141,2022,1,2022173
Oyster River,3/24/22,male,111,2022,1,2022174
Oyster River,3/24/22,male,168,2022,2,2022187
Oyster River,3/24/22,male,119,2022,2,2022172
Oyster River,3/24/22,female,121,2022,1,2022169
Oyster River,3/24/22,female,117,2022,1,2022193
Oyster River,3/24/22,female,119,2022,2,2022192
Oyster River,3/24/22,female,118,2022,2,2022191
Oyster River,3/24/22,female,116,2022,1,2022190
Oyster River,3/24/22,female,92,2022,1,2022188
Oyster River,3/24/22,female,135,2022,2,2022186
Oyster River,3/24/22,female,102,2022,1,2022185
Oyster River,3/24/22,female,102,2022,1,2022184
Oyster River,3/24/22,male,116,2022,1,2022182
Oyster River,3/24/22,female,137,2022,2,2022181
Oyster River,3/24/22,female,104,2022,1,2022180
Oyster River,3/24/22,male,97,2022,1,2022179
Oyster River,3/24/22,male,105,2022,2,2022178
Oyster River,3/24/22,female,109,2022,2,2022177
Oyster River,3/24/22,male,88,2022,1,2022183
Oyster River,3/24/22,female,104,2022,1,2022189
Oyster River,3/24/22,female,117,2022,2,2022176
Oyster River,3/25/22,female,116,2022,2,UNH22010
Oyster River,3/25/22,female,143,2022,2,2022236
Oyster River,3/25/22,female,121,2022,2,2022237
Oyster River,3/25/22,male,100,2022,1,2022238
Oyster River,3/25/22,male,103,2022,1,2022239
Oyster River,3/25/22,female,123,2022,1,2022241
Oyster River,3/25/22,female,115,2022,1,2022240
Oyster River,3/25/22,female,126,2022,2,2022243
Oyster River,3/25/22,female,104,2022,1,2022235
Oyster River,3/25/22,male,97,2022,1,2022244
Oyster River,3/30/22,male,131,2022,1,UNH22034
Oyster River,3/30/22,male,87,2022,1,2022380
Oyster River,3/30/22,female,128,2022,1,2022381
Oyster River,3/30/22,male,133,2022,1,UNH22036
Oyster River,3/30/22,female,92,2022,1,UNH22057
Oyster River,3/30/22,male,98,2022,1,UNH22062
Oyster River,3/30/22,male,97,2022,1,UNH22055
Oyster River,3/30/22,male,96,2022,1,UNH22043
Oyster River,3/31/22,male,218,2022,3,2022395
Oyster River,3/31/22,male,84,2022,1,2022407
Oyster River,4/5/22,female,124,2022,1,2022410
Oyster River,4/5/22,female,93,2022,1,2022409
Oyster River,4/5/22,male,131,2022,1,2022408
Oyster River,4/6/22,female,92,2022,1,2022412
Oyster River,4/6/22,female,88,2022,1,2022416
Oyster River,4/6/22,female,99,2022,1,2022411
Oyster River,4/7/22,male,96,2022,1,2022418
Oyster River,4/13/22,female,98,2022,1,2022422
Oyster River,4/13/22,male,87,2022,1,2022423
Squamscott River,3/23/22,male,102,2022,1,2022161
Squamscott River,3/23/22,male,119,2022,1,2022151
Squamscott River,3/23/22,male,114,2022,1,2022142
Squamscott River,3/23/22,female,118,2022,2,2022159
Squamscott River,3/23/22,female,117,2022,2,2022158
Squamscott River,3/23/22,male,108,2022,1,2022160
Squamscott River,3/23/22,male,117,2022,1,2022157
Squamscott River,3/23/22,male,101,2022,2,2022156
Squamscott River,3/23/22,male,119,2022,2,2022155
Squamscott River,3/23/22,female,102,2022,1,2022154
Squamscott River,3/23/22,male,123,2022,1,2022140
Squamscott River,3/23/22,male,99,2022,1,2022152
Squamscott River,3/23/22,male,110,2022,1,2022139
Squamscott River,3/23/22,male,105,2022,1,2022162
Squamscott River,3/23/22,female,110,2022,1,2022143
Squamscott River,3/23/22,male,128,2022,1,2022144
Squamscott River,3/23/22,male,139,2022,2,2022145
Squamscott River,3/23/22,male,114,2022,1,2022146
Squamscott River,3/23/22,male,112,2022,2,2022147
Squamscott River,3/23/22,female,122,2022,2,2022148
Squamscott River,3/23/22,male,108,2022,1,2022149
Squamscott River,3/23/22,male,114,2022,1,2022150
Squamscott River,3/23/22,male,134,2022,2,2022153
Squamscott River,3/23/22,male,133,2022,1,2022129
Squamscott River,3/23/22,female,131,2022,2,2022119
Squamscott River,3/23/22,male,108,2022,2,2022118
Squamscott River,3/23/22,male,168,2022,3,2022117
Squamscott River,3/23/22,male,209,2022,3,2022120
Squamscott River,3/23/22,male,131,2022,1,2022121
Squamscott River,3/23/22,male,129,2022,2,2022122
Squamscott River,3/23/22,male,125,2022,2,2022123
Squamscott River,3/23/22,male,127,2022,2,2022124
Squamscott River,3/23/22,male,116,2022,1,2022125
Squamscott River,3/23/22,male,121,2022,2,2022141
Squamscott River,3/23/22,female,142,2022,2,2022127
Squamscott River,3/23/22,male,125,2022,1,2022130
Squamscott River,3/23/22,male,136,2022,2,2022131
Squamscott River,3/23/22,male,176,2022,2,2022132
Squamscott River,3/23/22,male,199,2022,4,2022134
Squamscott River,3/23/22,male,136,2022,2,2022133
Squamscott River,3/23/22,female,114,2022,2,2022135
Squamscott River,3/23/22,male,123,2022,2,2022136
Squamscott River,3/23/22,male,127,2022,1,2022137
Squamscott River,3/23/22,female,125,2022,2,2022138
Squamscott River,3/23/22,male,188,2022,2,2022126
Squamscott River,3/24/22,male,208,2022,3,2022204
Squamscott River,3/24/22,female,212,2022,4,2022195
Squamscott River,3/24/22,male,198,2022,3,2022196
Squamscott River,3/24/22,male,170,2022,2,2022197
Squamscott River,3/24/22,male,207,2022,3,2022198
Squamscott River,3/24/22,male,201,2022,3,2022199
Squamscott River,3/24/22,male,181,2022,2,2022201
Squamscott River,3/24/22,male,177,2022,3,2022203
Squamscott River,3/24/22,female,122,2022,2,2022225
Squamscott River,3/24/22,male,176,2022,3,2022202
Squamscott River,3/24/22,female,126,2022,2,2022229
Squamscott River,3/24/22,female,116,2022,1,2022228
Squamscott River,3/24/22,female,116,2022,1,2022205
Squamscott River,3/24/22,male,140,2022,1,2022226
Squamscott River,3/24/22,male,179,2022,2,2022200
Squamscott River,3/24/22,female,122,2022,1,2022224
Squamscott River,3/24/22,female,110,2022,1,2022223
Squamscott River,3/24/22,female,124,2022,1,2022222
Squamscott River,3/24/22,female,137,2022,2,2022221
Squamscott River,3/24/22,male,116,2022,1,2022220
Squamscott River,3/24/22,male,103,2022,1,2022219
Squamscott River,3/24/22,male,96,2022,1,2022227
Squamscott River,3/24/22,male,97,2022,1,2022213
Squamscott River,3/24/22,male,219,2022,4,2022194
Squamscott River,3/24/22,female,134,2022,1,2022216
Squamscott River,3/24/22,male,145,2022,2,2022215
Squamscott River,3/24/22,male,130,2022,1,2022212
Squamscott River,3/24/22,female,124,2022,1,2022206
Squamscott River,3/24/22,male,136,2022,1,2022210
Squamscott River,3/24/22,female,138,2022,2,2022209
Squamscott River,3/24/22,male,135,2022,2,2022208
Squamscott River,3/24/22,male,139,2022,2,2022207
Squamscott River,3/25/22,male,182,2022,2,2022267
Squamscott River,3/25/22,female,132,2022,1,2022273
Squamscott River,3/25/22,male,143,2022,2,2022276
Squamscott River,3/25/22,male,93,2022,1,2022275
Squamscott River,3/25/22,male,188,2022,3,2022274
Squamscott River,3/25/22,female,105,2022,1,2022277
Squamscott River,3/25/22,male,215,2022,3,2022272
Squamscott River,3/25/22,male,215,2022,3,2022271
Squamscott River,3/25/22,male,96,2022,1,2022270
Squamscott River,3/25/22,female,135,2022,2,2022278
Squamscott River,3/25/22,male,206,2022,3,2022268
Squamscott River,3/25/22,male,147,2022,2,2022284
Squamscott River,3/25/22,male,201,2022,3,2022266
Squamscott River,3/25/22,male,196,2022,3,2022269
Squamscott River,3/25/22,male,217,2022,3,2022287
Squamscott River,3/25/22,male,158,2022,2,2022247
Squamscott River,3/25/22,male,144,2022,2,2022248
Squamscott River,3/25/22,female,106,2022,1,2022292
Squamscott River,3/25/22,male,98,2022,1,2022291
Squamscott River,3/25/22,male,162,2022,2,2022290
Squamscott River,3/25/22,male,140,2022,2,2022282
Squamscott River,3/25/22,male,97,2022,1,2022288
Squamscott River,3/25/22,male,98,2022,1,2022279
Squamscott River,3/25/22,male,193,2022,2,2022286
Squamscott River,3/25/22,male,97,2022,1,2022285
Squamscott River,3/25/22,male,226,2022,3,2022263
Squamscott River,3/25/22,male,141,2022,2,2022283
Squamscott River,3/25/22,male,140,2022,2,2022281
Squamscott River,3/25/22,male,232,2022,4,2022280
Squamscott River,3/25/22,female,157,2022,1,2022289
Squamscott River,3/25/22,female,123,2022,2,2022249
Squamscott River,3/25/22,male,183,2022,2,2022265
Squamscott River,3/25/22,male,140,2022,2,2022264
Squamscott River,3/25/22,male,224,2022,4,2022293
Squamscott River,3/25/22,male,98,2022,1,2022250
Squamscott River,3/25/22,female,99,2022,1,2022251
Squamscott River,3/25/22,female,108,2022,1,2022252
Squamscott River,3/25/22,female,115,2022,2,2022253
Squamscott River,3/25/22,male,140,2022,2,2022254
Squamscott River,3/25/22,female,101,2022,1,2022261
Squamscott River,3/25/22,male,231,2022,4,2022245
Squamscott River,3/25/22,male,218,2022,3,2022262
Squamscott River,3/25/22,female,125,2022,1,2022255
Squamscott River,3/25/22,male,209,2022,3,2022260
Squamscott River,3/25/22,female,100,2022,1,2022259
Squamscott River,3/25/22,female,122,2022,1,2022258
Squamscott River,3/25/22,male,188,2022,3,2022257
Squamscott River,3/25/22,female,113,2022,1,2022256
Squamscott River,3/29/22,female,100,2022,1,2022339
Squamscott River,3/29/22,male,173,2022,2,2022344
Squamscott River,3/29/22,female,95,2022,1,2022342
Squamscott River,3/29/22,female,98,2022,1,2022338
Squamscott River,3/29/22,female,100,2022,1,2022340
Squamscott River,3/29/22,female,101,2022,1,2022337
Squamscott River,3/29/22,male,217,2022,3,2022343
Squamscott River,3/29/22,male,176,2022,2,2022341
Squamscott River,3/30/22,female,134,2022,2,2022389
Squamscott River,3/30/22,female,99,2022,1,2022394
Squamscott River,3/30/22,male,227,2022,4,2022388
Squamscott River,3/31/22,female,92,2022,1,2022396
Squamscott River,3/31/22,male,213,2022,3,2022398
Squamscott River,3/31/22,male,213,2022,4,2022399
Squamscott River,3/31/22,male,164,2022,2,2022400
Squamscott River,3/31/22,female,131,2022,2,2022401
Squamscott River,3/31/22,female,102,2022,1,2022397
Squamscott River,4/5/22,male,120,2022,1,UNH22079
Squamscott River,4/5/22,male,99,2022,1,UNH22082
Squamscott River,4/5/22,male,99,2022,1,UNH22084
Squamscott River,4/5/22,male,103,2022,1,UNH22083
Winnicut River,3/10/22,male,226,2022,3,2022001
Winnicut River,3/11/22,male,194,2022,3,2022002
Winnicut River,3/15/22,female,200,2022,3,2022010
Winnicut River,3/15/22,male,214,2022,2,2022013
Winnicut River,3/15/22,male,201,2022,3,2022009
Winnicut River,3/15/22,male,207,2022,2,2022012
Winnicut River,3/15/22,female,232,2022,4,2022011
Winnicut River,3/16/22,female,121,2022,1,2022034
Winnicut River,3/16/22,male,112,2022,1,2022036
Winnicut River,3/16/22,male,188,2022,2,2022027
Winnicut River,3/16/22,male,116,2022,1,2022033
Winnicut River,3/16/22,male,135,2022,1,2022032
Winnicut River,3/16/22,male,133,2022,1,2022030
Winnicut River,3/16/22,male,193,2022,3,2022029
Winnicut River,3/16/22,male,184,2022,3,2022031
Winnicut River,3/16/22,male,145,2022,1,2022028
Winnicut River,3/16/22,male,114,2022,1,2022035
Winnicut River,3/16/22,male,181,2022,2,2022024
Winnicut River,3/16/22,female,130,2022,1,2022025
Winnicut River,3/16/22,male,216,2022,3,2022026
Winnicut River,3/16/22,female,138,2022,1,2022023
Winnicut River,3/16/22,male,120,2022,1,2022022
Winnicut River,3/16/22,male,203,2022,2,2022021
Winnicut River,3/16/22,male,208,2022,2,2022019
Winnicut River,3/16/22,female,192,2022,2,2022018
Winnicut River,3/16/22,male,121,2022,1,2022037
Winnicut River,3/16/22,male,130,2022,1,2022020
Winnicut River,3/17/22,male,182,2022,3,2022065
Winnicut River,3/17/22,male,135,2022,2,2022057
Winnicut River,3/17/22,male,133,2022,1,2022053
Winnicut River,3/17/22,male,122,2022,2,2022058
Winnicut River,3/17/22,male,173,2022,2,2022060
Winnicut River,3/17/22,male,170,2022,3,2022061
Winnicut River,3/17/22,male,187,2022,3,2022062
Winnicut River,3/17/22,male,182,2022,3,2022063
Winnicut River,3/17/22,female,127,2022,2,2022059
Winnicut River,3/17/22,male,180,2022,2,2022064
Winnicut River,3/17/22,male,143,2022,2,2022050
Winnicut River,3/17/22,male,185,2022,3,2022067
Winnicut River,3/17/22,male,189,2022,3,2022066
Winnicut River,3/17/22,male,126,2022,2,2022056
Winnicut River,3/17/22,male,135,2022,2,2022055
Winnicut River,3/17/22,male,120,2022,1,2022054
Winnicut River,3/17/22,male,125,2022,1,2022051
Winnicut River,3/17/22,male,140,2022,2,2022049
Winnicut River,3/17/22,male,140,2022,2,2022048
Winnicut River,3/17/22,male,128,2022,1,2022047
Winnicut River,3/17/22,male,123,2022,2,2022046
Winnicut River,3/17/22,male,118,2022,1,2022045
Winnicut River,3/17/22,male,121,2022,1,2022044
Winnicut River,3/17/22,male,197,2022,2,2022068
Winnicut River,3/17/22,male,198,2022,3,2022092
Winnicut River,3/17/22,male,129,2022,1,2022052
Winnicut River,3/17/22,male,204,2022,4,2022084
Winnicut River,3/17/22,male,209,2022,3,2022090
Winnicut River,3/17/22,female,201,2022,2,2022091
Winnicut River,3/17/22,male,211,2022,4,2022089
Winnicut River,3/17/22,male,198,2022,3,2022088
Winnicut River,3/17/22,female,226,2022,3,2022087
Winnicut River,3/17/22,male,211,2022,3,2022077
Winnicut River,3/17/22,male,212,2022,4,2022085
Winnicut River,3/17/22,male,201,2022,3,2022069
Winnicut River,3/17/22,male,218,2022,4,2022083
Winnicut River,3/17/22,female,201,2022,2,2022082
Winnicut River,3/17/22,female,219,2022,3,2022081
Winnicut River,3/17/22,male,219,2022,4,2022071
Winnicut River,3/17/22,female,202,2022,3,2022080
Winnicut River,3/17/22,male,211,2022,3,2022070
Winnicut River,3/17/22,male,224,2022,3,2022078
Winnicut River,3/17/22,male,206,2022,3,2022076
Winnicut River,3/17/22,male,197,2022,3,2022075
Winnicut River,3/17/22,male,210,2022,3,2022074
Winnicut River,3/17/22,male,207,2022,4,2022073
Winnicut River,3/17/22,male,204,2022,4,2022072
Winnicut River,3/17/22,male,186,2022,3,2022079
Winnicut River,3/17/22,male,214,2022,4,2022086
Winnicut River,3/23/22,male,132,2022,2,2022163
Winnicut River,3/23/22,male,119,2022,2,2022164
Winnicut River,3/23/22,male,130,2022,1,2022165
Winnicut River,3/23/22,male,161,2022,3,2022166
Winnicut River,3/23/22,male,111,2022,1,2022168
Winnicut River,3/23/22,male,104,2022,1,2022167
Winnicut River,3/25/22,male,98,2022,1,2022312
Winnicut River,3/25/22,female,124,2022,1,2022314
Winnicut River,3/25/22,male,98,2022,1,2022329
Winnicut River,3/25/22,male,99,2022,1,2022328
Winnicut River,3/25/22,male,142,2022,2,2022313
Winnicut River,3/25/22,female,147,2022,1,2022297
Winnicut River,3/25/22,male,143,2022,1,2022311
Winnicut River,3/25/22,male,143,2022,1,2022310
Winnicut River,3/25/22,male,103,2022,1,2022309
Winnicut River,3/25/22,male,162,2022,2,2022317
Winnicut River,3/25/22,male,226,2022,4,2022301
Winnicut River,3/25/22,female,107,2022,1,2022326
Winnicut River,3/25/22,male,99,2022,1,2022330
Winnicut River,3/25/22,male,98,2022,1,2022300
Winnicut River,3/25/22,male,141,2022,1,2022323
Winnicut River,3/25/22,male,168,2022,2,2022322
Winnicut River,3/25/22,male,96,2022,1,2022331
Winnicut River,3/25/22,male,224,2022,3,2022319
Winnicut River,3/25/22,male,97,2022,1,2022325
Winnicut River,3/25/22,male,143,2022,2,2022321
Winnicut River,3/25/22,male,98,2022,1,2022336
Winnicut River,3/25/22,male,98,2022,1,2022332
Winnicut River,3/25/22,female,208,2022,3,2022333
Winnicut River,3/25/22,male,87,2022,1,2022334
Winnicut River,3/25/22,male,95,2022,1,2022335
Winnicut River,3/25/22,male,197,2022,3,2022320
Winnicut River,3/29/22,female,100,2022,1,2022353
Winnicut River,3/29/22,male,172,2022,3,2022355
Winnicut River,3/29/22,male,166,2022,3,2022368
Winnicut River,3/29/22,female,104,2022,1,2022354
Winnicut River,3/29/22,male,151,2022,2,2022378
Winnicut River,3/29/22,female,116,2022,1,2022377
Winnicut River,3/29/22,female,96,2022,1,2022376
Winnicut River,3/29/22,male,157,2022,2,2022375
Winnicut River,3/29/22,male,159,2022,2,2022379
Winnicut River,3/29/22,male,155,2022,2,2022374
Winnicut River,3/29/22,male,177,2022,2,2022361
Winnicut River,3/29/22,female,106,2022,1,2022372
Winnicut River,3/29/22,female,104,2022,1,2022352
Winnicut River,3/29/22,female,98,2022,1,2022351
Winnicut River,3/29/22,female,96,2022,1,2022350
Winnicut River,3/29/22,female,99,2022,1,2022349
Winnicut River,3/29/22,female,105,2022,1,2022347
Winnicut River,3/29/22,female,109,2022,1,2022346
Winnicut River,3/29/22,female,106,2022,1,2022345
Winnicut River,3/29/22,female,122,2022,1,2022356
Winnicut River,3/29/22,female,122,2022,1,2022357
Winnicut River,3/29/22,male,225,2022,3,2022358
Winnicut River,3/29/22,male,220,2022,4,2022370
Winnicut River,3/29/22,male,172,2022,2,2022360
Winnicut River,3/29/22,female,113,2022,1,2022371
Winnicut River,3/29/22,male,179,2022,3,2022362
Winnicut River,3/29/22,female,108,2022,1,2022363
Winnicut River,3/29/22,female,103,2022,1,2022364
Winnicut River,3/29/22,female,93,2022,1,2022365
Winnicut River,3/29/22,female,127,2022,2,2022366
Winnicut River,3/29/22,male,220,2022,5,2022367
Winnicut River,3/29/22,female,111,2022,1,2022369
Winnicut River,3/29/22,male,177,2022,2,2022359
Winnicut River,3/30/22,female,125,2022,1,2022393
Winnicut River,3/30/22,female,111,2022,1,2022392
Winnicut River,3/30/22,male,157,2022,1,2022391
Winnicut River,3/30/22,female,90,2022,1,2022390
Winnicut River,3/31/22,female,113,2022,1,2022403
Winnicut River,3/31/22,male,152,2022,2,UNH22074
Winnicut River,3/31/22,male,174,2022,3,UNH22070
Winnicut River,3/31/22,male,89,2022,1,2022405
Winnicut River,3/31/22,female,89,2022,1,2022402
Winnicut River,3/31/22,male,173,2022,2,UNH22073
Winnicut River,3/31/22,male,192,2022,2,UNH22072
Winnicut River,3/31/22,male,156,2022,2,2022404
Winnicut River,3/31/22,male,194,2022,2,UNH22065
Winnicut River,3/31/22,female,96,2022,1,2022406
Winnicut River,4/6/22,female,85,2022,1,2022415
Winnicut River,4/6/22,male,118,2022,1,UNH22088
Winnicut River,4/6/22,female,98,2022,1,2022413
Winnicut River,4/6/22,male,111,2022,1,UNH22087
Winnicut River,4/6/22,male,112,2022,1,UNH22085
Winnicut River,4/6/22,female,93,2022,1,2022414
Winnicut River,4/6/22,male,110,2022,1,UNH22086
Winnicut River,4/7/22,female,84,2022,1,2022417
Winnicut River,4/7/22,male,111,2022,1,UNH22101
Winnicut River,4/7/22,male,104,2022,1,UNH22102
Winnicut River,4/7/22,male,172,2022,2,UNH22098
Winnicut River,4/7/22,male,129,2022,2,UNH22100
Winnicut River,4/12/22,male,84,2022,1,2022420
Winnicut River,4/12/22,female,82,2022,1,2022419
Winnicut River,4/12/22,female,86,2022,1,2022421
Winnicut River,4/12/22,male,104,2022,1,UNH22129
Winnicut River,4/12/22,male,108,2022,1,UNH22126
Winnicut River,4/12/22,male,108,2022,1,UNH22109
Winnicut River,4/12/22,male,105,2022,1,UNH22105
Winnicut River,4/12/22,male,129,2022,1,UNH22115
Winnicut River,4/12/22,male,189,2022,3,UNH22106
Winnicut River,4/12/22,male,107,2022,1,UNH22117
Winnicut River,4/12/22,male,100,2022,1,UNH22127
Winnicut River,4/13/22,male,145,2022,1,UNH22134